nom site,Polluant,valeur brute
A7 SUD LYONNAIS,NO,10.824999999999998
A7 SUD LYONNAIS,NO2,18.147222222222222
A7 SUD LYONNAIS,PM10,8.140625
A7 SUD LYONNAIS,PM2.5,7.921875
A7 Salaise Ouest,NO,26.013461538461545
A7 Salaise Ouest,NO2,29.465384615384615
A7 Salaise Ouest,PM10,8.183333333333334
A7 Salaise Ouest,PM2.5,5.795833333333334
A7 Valence Est,NO,4.371153846153846
A7 Valence Est,NO2,16.4
A7 Valence Est,PM10,10.124999999999998
A7 Valence Est,PM2.5,4.572916666666666
ABYMES RN1,NO,12.586111111111112
ABYMES RN1,NO2,11.761111111111111
ABYMES RN1,NOX as NO2,31.061111111111114
ABYMES RN1,PM10,15.202777777777776
AIRVAULT 3,NO,1.4826923076923075
AIRVAULT 3,NO2,6.836538461538462
AIRVAULT 3,NOX as NO2,9.103846153846153
AIRVAULT 3,O3,29.657692307692308
AIRVAULT 3,PM10,16.467307692307692
AIRVAULT 3,SO2,3.2653846153846158
AIX CENTRE ECOLE ART,NO,9.638461538461538
AIX CENTRE ECOLE ART,NO2,19.201923076923073
AIX CENTRE ECOLE ART,NOX as NO2,33.97692307692308
AIX CENTRE ECOLE ART,PM10,11.216666666666669
AIX CENTRE ECOLE ART,PM2.5,7.41875
AIX PLATANES,O3,33.29359
AIX ROY RENE,NO,18.68846153846154
AIX ROY RENE,NO2,27.388461538461538
AIX ROY RENE,NOX as NO2,56.05769230769231
AIX ROY RENE,PM10,13.516666666666667
AJACCIO ABBATUCCI,CO,664.2307692307693
AJACCIO ABBATUCCI,NO,13.655769230769229
AJACCIO ABBATUCCI,NO2,19.76923076923077
AJACCIO ABBATUCCI,NOX as NO2,40.55192307692308
AJACCIO ABBATUCCI,PM10,22.347916666666666
AJACCIO CANETTO,NO,1.189743846153846
AJACCIO CANETTO,NO2,8.772436153846153
AJACCIO CANETTO,NOX as NO2,10.588461538461539
AJACCIO CANETTO,O3,41.874358461538456
AJACCIO CANETTO,PM10,14.780769230769234
AJACCIO CANETTO,PM2.5,6.565384615384616
AJACCIO CANETTO,SO2,2.1237184615384614
AJACCIO PIATANICCIA,NO,0.7455130769230769
AJACCIO PIATANICCIA,NO2,2.9038461538461537
AJACCIO PIATANICCIA,NOX as NO2,4.072436153846153
AJACCIO PIATANICCIA,O3,34.7
AJACCIO PIATANICCIA,PM10,11.483333333333334
AJACCIO SPOSATA,NO,1.4051284615384614
AJACCIO SPOSATA,NO2,3.5198715384615378
AJACCIO SPOSATA,NOX as NO2,5.662179230769231
AJACCIO SPOSATA,O3,37.20128153846153
ALBI DELMAS,NO,2.046153846153846
ALBI DELMAS,NO2,1.5653846153846156
ALBI DELMAS,NOX as NO2,4.696153846153846
ALBI DELMAS,PM10,3.3347225
AMBES,NO,1.2346153846153844
AMBES,NO2,5.807692307692308
AMBES,NOX as NO2,7.705769230769231
AMBES,O3,45.065384615384616
AMPERE,SO2,0.3583333333333334
ANGLET,NO,4.101923076923077
ANGLET,NO2,7.836538461538461
ANGLET,NOX as NO2,14.119230769230768
ANGLET,PM10,8.083333333333334
ANGOULEME-GAMBETTA,NO,20.901923076923076
ANGOULEME-GAMBETTA,NO2,26.607692307692307
ANGOULEME-GAMBETTA,NOX as NO2,58.699999999999996
ANGOULEME-GAMBETTA,PM10,11.566666666666665
ANNECY Rocade,NO,28.761538461538468
ANNECY Rocade,NO2,22.06153846153846
ANNECY Rocade,PM10,11.983333333333333
ANNEMASSE,NO,3.255769230769231
ANNEMASSE,NO2,13.7
ANNEMASSE,O3,26.198076923076925
ANNEMASSE,PM10,8.757692307692308
ANTIBES JEAN MOULIN,NO,4.032692307692307
ANTIBES JEAN MOULIN,NO2,23.76923076923077
ANTIBES JEAN MOULIN,NOX as NO2,29.953846153846158
ANTIBES JEAN MOULIN,O3,36.03910307692308
APPENTIS,NO,2.0125
APPENTIS,NO2,11.656249999999998
APPENTIS,NOX as NO2,14.747916666666667
APPENTIS,O3,16.604166666666668
APT,O3,41.736538461538466
ARGENTEUIL,NO,7.342307692307694
ARGENTEUIL,NO2,22.524999999999995
ARGENTEUIL,NOX as NO2,33.78653846153846
AUBAGNE LES PASSONS,NO,1.3765154545454548
AUBAGNE LES PASSONS,NO2,9.460606363636364
AUBAGNE LES PASSONS,NOX as NO2,11.575757272727275
AUBAGNE LES PASSONS,O3,48.68106090909091
AUBERVILLIERS,NO,4.5576923076923075
AUBERVILLIERS,NO2,29.15192307692307
AUBERVILLIERS,NOX as NO2,36.13076923076923
AVIGNON   MAIRIE,NO,0.4923076923076923
AVIGNON   MAIRIE,NO2,3.628846153846154
AVIGNON   MAIRIE,NOX as NO2,4.417307692307693
AVIGNON   MAIRIE,O3,62.903846153846146
AVIGNON   MAIRIE,PM10,4.603846153846154
AVIGNON   MAIRIE,PM2.5,2.6423076923076922
Agathois-piscénois,NO,0.6173076923076923
Agathois-piscénois,NO2,2.4711538461538463
Agathois-piscénois,NOX as NO2,4.376923076923077
Agathois-piscénois,O3,59.530127692307694
Albertville,NO,3.230769230769231
Albertville,NO2,12.080769230769231
Albertville,O3,23.29423076923077
Albertville,PM10,9.517307692307693
Albertville,PM2.5,5.836538461538462
Alençon Météo-France,NO,2.0711538461538463
Alençon Météo-France,NO2,7.171153846153846
Alençon Météo-France,NOX as NO2,10.33076923076923
Alençon Météo-France,O3,46.959615384615375
Alençon Météo-France,PM10,6.638461538461537
Alençon Météo-France,PM2.5,3.9634615384615377
Arles,NO,2.7961538461538455
Arles,NO2,5.15
Arles,NOX as NO2,9.438461538461539
Arles,O3,57.041025384615395
Arles,PM10,6.505769230769231
Arles,PM2.5,3.138461538461539
Arrest,O3,40.06153846153846
Arrest,PM2.5,6.695454545454544
Atton,NO,0.48333333333333334
Atton,NO2,3.9
Atton,NOX as NO2,4.635416666666667
Aurillac-Lagarde,NO,0.5634615384615385
Aurillac-Lagarde,NO2,6.201923076923078
Aurillac-Lagarde,O3,49.205769230769235
Aurillac-Lagarde,PM10,5.4192307692307695
Aurillac-Lagarde,PM2.5,4.0807692307692305
Auto A1 -Saint-Denis,NO,73.25192307692308
Auto A1 -Saint-Denis,NO2,53.559615384615384
Auto A1 -Saint-Denis,NOX as NO2,165.96538461538464
Auto A1 -Saint-Denis,PM10,28.072916666666668
Auto A1 -Saint-Denis,PM2.5,13.016666666666664
Auxerre,O3,21.628846153846155
Auxerre,PM10,10.562500000000002
Auxerre,PM2.5,6.9125000000000005
Av Champs Elysees,NO,17.551923076923078
Av Champs Elysees,NO2,30.825000000000003
Av Champs Elysees,NOX as NO2,57.76923076923077
Av Champs Elysees,PM10,15.110416666666667
Avignon Semard,NO,2.286538461538462
Avignon Semard,NO2,6.799999999999999
Avignon Semard,NOX as NO2,10.31730769230769
Avignon Semard,PM10,7.333333333333332
Aytré,NO,1.7589746153846155
Aytré,NO2,14.13205153846154
Aytré,NOX as NO2,16.837819999999997
Aytré,O3,30.890384615384612
Aytré,PM10,12.989583333333334
BASSENS,NO,2.609615384615385
BASSENS,NO2,12.642307692307693
BASSENS,NOX as NO2,16.63076923076923
BASSENS,O3,46.5108976923077
BASSENS,PM10,8.084615384615383
BASSENS,PM2.5,3.283333333333333
BASSENS,SO2,0.026282307692307695
BASTIA FANGO,NO,5.007692307692308
BASTIA FANGO,NO2,14.448076923076922
BASTIA FANGO,NOX as NO2,22.103846153846156
BASTIA FANGO,PM10,11.618749999999999
BASTIA GIRAUD,NO,0.40961538461538455
BASTIA GIRAUD,NO2,6.019230769230769
BASTIA GIRAUD,NOX as NO2,6.642307692307692
BASTIA GIRAUD,O3,66.41987153846154
BASTIA GIRAUD,PM10,10.48653846153846
BASTIA GIRAUD,PM2.5,4.055769230769231
BASTIA GIRAUD,SO2,1.3108969230769234
BASTIA LA MARANA,O3,53.62435846153846
BASTIA LA MARANA,PM10,20.238461538461536
BASTIA MONTESORO,NO,0.4480769230769231
BASTIA MONTESORO,NO2,4.271153846153846
BASTIA MONTESORO,NOX as NO2,4.946153846153846
BASTIA MONTESORO,O3,64.71346153846153
BASTIA MONTESORO,PM2.5,4.846153846153846
BD BANKS,CO,148.75
BD BANKS,NO,7.211764705882353
BD BANKS,NO2,11.972058823529412
BD BANKS,NOX as NO2,23.008823529411767
BD BANKS,PM10,16.31470588235294
BEAUX ARTS,NO,3.9791666666666674
BEAUX ARTS,NO2,18.587500000000002
BEAUX ARTS,NOX as NO2,24.683333333333326
BELESTA EN LAURAGAIS,O3,61.05192307692308
BESSIERES ECONOTRE,PM10,5.449999999999999
BETHENY,NO,4.80641076923077
BETHENY,NO2,15.482692307692307
BETHENY,NOX as NO2,22.853846153846156
BETHENY,O3,31.890384615384615
BETHENY,PM10,7.289583333333333
BILLERE,NO,0.5897438461538462
BILLERE,NO2,2.4153846153846157
BILLERE,NOX as NO2,3.3160261538461544
BILLERE,O3,72.28076923076922
BILLERE,PM10,1.4865384615384618
BILLERE,PM2.5,0.6269230769230769
BOBIGNY,NO,4.05576923076923
BOBIGNY,NO2,24.57115384615384
BOBIGNY,NOX as NO2,30.798076923076923
BOBIGNY,PM10,12.722916666666668
BOBIGNY,PM2.5,8.360416666666667
BORDEAUX-BASTIDE,NO,8.384615384615385
BORDEAUX-BASTIDE,NO2,16.96923076923077
BORDEAUX-BASTIDE,NOX as NO2,29.826923076923073
BORDEAUX-BASTIDE,PM10,9.258333333333333
BOSSONS,NO,54.10769230769232
BOSSONS,NO2,31.930769230769233
BOSSONS,PM10,11.526923076923076
BREST Plouzané,O3,57.650000000000006
BRIGNOLES,O3,54.551282307692304
BRIGNOLES,PM10,9.347916666666666
BRIVE - Dalton,NO,1.0576923076923077
BRIVE - Dalton,NO2,8.33076923076923
BRIVE - Dalton,NOX as NO2,9.938461538461537
BRIVE - Dalton,O3,33.00384615384615
BRIVE - Dalton,PM10,9.901923076923076
Base loisirs Poses,O3,33.51923076923077
Base loisirs Poses,PM10,7.824999999999999
Baume-les-Dames,NO,4.9788461538461535
Baume-les-Dames,NO2,9.126923076923076
Baume-les-Dames,NOX as NO2,16.759615384615383
Baume-les-Dames,PM10,10.856250000000001
Baume-les-Dames,PM2.5,7.316666666666666
Beaulieu,NO,2.042307692307692
Beaulieu,NO2,18.34423076923077
Beaulieu,PM10,17.500000000000004
Belfort Octroi,NO,2.591025384615385
Belfort Octroi,NO2,8.479486923076923
Belfort Octroi,NOX as NO2,12.43141
Belfort Octroi,PM10,7.722916666666666
Belleville sur Meuse,NO,10.513636363636364
Belleville sur Meuse,NO2,12.64318181818182
Belleville sur Meuse,NOX as NO2,28.763636363636362
Belleville sur Meuse,PM2.5,3.4225000000000003
Berre l'Etang,C6H6,0.16812499999999997
Berre l'Etang,O3,64.925
Besancon Mégevand,NO,4.530769230769231
Besancon Mégevand,NO2,14.673076923076925
Besancon Mégevand,NOX as NO2,21.361538461538466
Besancon Prevoyance,NO,2.251923076923077
Besancon Prevoyance,NO2,12.646153846153847
Besancon Prevoyance,NOX as NO2,16.09615384615385
Besancon Prevoyance,O3,38.14038461538461
Besancon Prevoyance,PM10,10.191666666666666
Besancon Prevoyance,PM2.5,5.587500000000001
Bethune Stade,NO,0.7250000000000001
Bethune Stade,NO2,13.844230769230766
Bethune Stade,NOX as NO2,14.959615384615384
Bethune Stade,O3,26.23974307692308
Biarritz-hippodrome,NO,1.6076923076923078
Biarritz-hippodrome,NO2,3.11859
Biarritz-hippodrome,NOX as NO2,5.305128461538461
Biarritz-hippodrome,O3,70.90192307692308
Biarritz-hippodrome,PM10,9.8375
Biarritz-hippodrome,PM2.5,0.9208333333333335
Biterrois-Narbonnais,O3,56.04166692307693
Bld peripherique Est,NO,10.824999999999998
Bld peripherique Est,NO2,24.867307692307694
Bld peripherique Est,NOX as NO2,41.473076923076924
Bld peripherique Est,PM10,13.616666666666667
Bld peripherique Est,PM2.5,10.383333333333333
Blois nord,NO,1.1
Blois nord,NO2,5.748076923076923
Blois nord,NOX as NO2,7.415384615384616
Blois nord,O3,41.255769230769225
Blois nord,PM10,10.546153846153846
Blois nord,PM2.5,8.019230769230768
Bordeaux_GAUTIER,NO,38.974999999999994
Bordeaux_GAUTIER,NO2,37.801923076923075
Bordeaux_GAUTIER,NOX as NO2,97.53653846153846
Bordeaux_GAUTIER,PM10,10.995833333333332
Bordeaux_GAUTIER,PM2.5,5.410416666666667
Bouchon,NO,5.2892857142857155
Bouchon,NO2,3.6535714285714285
Bouchon,NOX as NO2,11.782142857142857
Bouchon,PM10,12.099999999999998
Boulevard Haussmann,NO,17.88269230769231
Boulevard Haussmann,NO2,37.74807692307692
Boulevard Haussmann,NOX as NO2,65.17884615384615
Boulevard Haussmann,PM10,16.595833333333335
Boulevard Haussmann,PM2.5,7.004166666666666
Boulevard Soult,NO,10.478846153846153
Boulevard Soult,NO2,33.51538461538461
Boulevard Soult,NOX as NO2,49.62884615384615
Boulogne Diderot,PM10,12.448076923076922
Boulogne Diderot,PM2.5,5.592307692307693
Bourg-en-Bresse,NO,-0.17500000000000004
Bourg-en-Bresse,NO2,6.095833333333335
Bourg-en-Bresse,O3,37.57083333333333
Bourg-en-Bresse,PM10,7.976923076923076
Bourg-en-Bresse,PM2.5,6.06923076923077
Bourges-Baffier,NO,6.0807692307692305
Bourges-Baffier,NO2,13.482692307692304
Bourges-Baffier,NOX as NO2,22.275000000000002
Bourges-Baffier,PM10,10.691666666666665
Bourgoin-Jallieu,NO,0.7019230769230769
Bourgoin-Jallieu,NO2,10.459615384615383
Bourgoin-Jallieu,O3,34.49807692307692
Bourgoin-Jallieu,PM10,15.270454545454545
Brest Desmoulins,NO,27.849999999999998
Brest Desmoulins,NO2,32.830769230769235
Brest Desmoulins,NOX as NO2,75.52307692307691
Brest Desmoulins,PM10,9.983333333333333
Brest Mace,NO,3.8115384615384613
Brest Mace,NO2,19.76923076923077
Brest Mace,NOX as NO2,26.346153846153843
Brest Mace,O3,40.58269230769231
Brest Mace,PM10,7.7250000000000005
Brest Mace,PM2.5,1.8916666666666668
Bures-en-bray,O3,38.56923076923077
C.C.3 Frontières,NO,1.8520833333333335
C.C.3 Frontières,NO2,11.299999999999999
C.C.3 Frontières,NOX as NO2,14.029166666666669
C.C.3 Frontières,PM10,4.381818181818182
CAME,NO,1.2750000000000001
CAME,NO2,7.147916666666667
CAME,NOX as NO2,9.027083333333332
CAME,PM10,9.2875
CAME,PM2.5,7.177083333333332
CAME,SO2,0.225
CAMEE,NO,26.152083333333337
CAMEE,NO2,27.543750000000003
CAMEE,NOX as NO2,67.63541666666667
CAMEE,PM10,17.658333333333335
CAMEE,PM2.5,20.208333333333336
CANNES BROUSSAILLES,NO,2.6756407692307698
CANNES BROUSSAILLES,NO2,12.375640769230769
CANNES BROUSSAILLES,NOX as NO2,16.467948461538462
CANNES BROUSSAILLES,O3,51.85769230769232
CANNES BROUSSAILLES,PM10,6.64423076923077
CANNES BROUSSAILLES,PM2.5,3.8134615384615382
CARPENTRAS,O3,66.60192307692309
CERGY-PONTOISE,O3,38.40769230769231
CERGY-PONTOISE,PM10,11.277083333333332
CHALONS,NO,1.7403846153846152
CHALONS,NO2,11.446153846153845
CHALONS,NOX as NO2,14.065384615384618
CHALONS,O3,23.00576923076923
CHALONS,PM10,13.166666666666666
CHAMBERY LE HAUT,NO,1.9519230769230769
CHAMBERY LE HAUT,NO2,15.89615384615385
CHAMBERY LE HAUT,O3,21.53461538461539
CHAMBERY LE HAUT,PM10,13.320454545454545
CHAMONIX,NO,10.065384615384618
CHAMONIX,NO2,16.785897692307692
CHAMONIX,PM10,8.992307692307692
CHAMPIGNY-SUR-MARNE,NO,21.326923076923077
CHAMPIGNY-SUR-MARNE,NO2,41.646153846153844
CHAMPIGNY-SUR-MARNE,NOX as NO2,74.38076923076923
CHAMPIGNY-SUR-MARNE,O3,10.949999999999998
CHAPITRE SETMI,PM10,3.3833333333333333
CHARLEVILLE,NO,3.819230769230769
CHARLEVILLE,NO2,7.644230769230768
CHARLEVILLE,NOX as NO2,13.426923076923078
CHARLEVILLE,O3,33.24807692307692
CHARLEVILLE,PM10,17.073076923076925
CIANS,O3,72.51987153846153
CIM BOUTEILLERIE,NO,2.5749999999999997
CIM BOUTEILLERIE,NO2,15.210416666666665
CIM BOUTEILLERIE,NOX as NO2,19.156250000000004
CIM BOUTEILLERIE,O3,26.53958333333334
CIM BOUTEILLERIE,PM10,9.689583333333333
CIM BOUTEILLERIE,PM2.5,6.900000000000001
CLOS DES BEAUVAIS,O3,23.481249999999992
CONTES 2,NO,10.43846153846154
CONTES 2,NO2,12.022436153846156
CONTES 2,NOX as NO2,28.048076923076923
CONTES 2,PM10,20.815384615384616
COTIERE AIN,NO,0.2711538461538462
COTIERE AIN,NO2,7.510897692307693
COTIERE AIN,O3,43.43269230769231
COTIERE AIN,PM10,8.45625
CUTULLIC2,SO2,1.1381941666666666
Caen Chemin-Vert,NO,3.3096153846153844
Caen Chemin-Vert,NO2,11.632692307692308
Caen Chemin-Vert,NOX as NO2,16.674999999999997
Caen Chemin-Vert,O3,43.50384615384616
Caen Chemin-Vert,PM10,6.925000000000001
Caen Chemin-Vert,PM2.5,3.8288461538461545
Caen Vaucelles,NO2,18.73269230769231
Caen Vaucelles,PM10,11.539583333333333
Caiena3,NO,-0.7049999999999998
Caiena3,NO2,0.7125
Caiena3,O3,42.997499999999995
Caiena3,PM10,16.240000000000002
Caiena3,PM2.5,5.5725
Calais Berthelot,PM10,13.356250000000003
Calais Berthelot,PM2.5,4.66875
Calais Parmentier,NO,3.933974615384616
Calais Parmentier,NO2,17.539743076923077
Calais Parmentier,NOX as NO2,23.576282307692306
Calais Parmentier,O3,40.726281538461535
Calais Parmentier,PM10,15.615909090909092
Calais Parmentier,SO2,1.5179484615384615
Campagne les B.,O3,44.119230769230775
Campagne les B.,PM2.5,4.426923076923076
Capitainerie,NO,1.1307692307692305
Capitainerie,NO2,8.165384615384616
Capitainerie,NOX as NO2,9.740384615384615
Capitainerie,O3,28.884615384615383
Cappelle la Grande,NO,1.4057692307692307
Cappelle la Grande,NO2,10.948076923076924
Cappelle la Grande,NOX as NO2,13.105769230769234
Cappelle la Grande,SO2,10.909615384615385
Cartignies,NO,0.5384615384615384
Cartignies,NO2,7.005769230769231
Cartignies,NOX as NO2,7.8173076923076925
Cartignies,O3,28.37564153846154
Cartignies,PM10,12.91590909090909
Cartignies,PM2.5,8.363636363636363
Caucriauville,SO2,2.763461538461539
Centre Hospitalier,NO,4.9096153846153845
Centre Hospitalier,NO2,21.121153846153845
Centre Hospitalier,NOX as NO2,28.611538461538462
Centre Hospitalier,O3,17.709615384615383
Centre Hospitalier,PM10,13.003846153846153
Centre Penitencier,NO,5.214062500000001
Centre Penitencier,NO2,10.715625000000001
Centre Penitencier,NOX as NO2,18.707812500000003
Centre Penitencier,SO2,0.42333333333333323
Chalampé,NO,1.6096153846153847
Chalampé,NO2,11.995513076923078
Chalampé,NOX as NO2,14.341666153846157
Chalon Centre Ville,NO,7.234615384615385
Chalon Centre Ville,NO2,14.707692307692307
Chalon Centre Ville,NOX as NO2,25.75961538461539
Chalon Centre Ville,PM10,9.268749999999999
Chalon Centre Ville,PM2.5,5.074999999999999
Chamalières Europe,NO,13.840384615384616
Chamalières Europe,NO2,25.036538461538463
Chamalières Europe,PM10,8.885416666666666
Chambéry Trafic,NO,16.11346153846154
Chambéry Trafic,NO2,21.823076923076925
Champ sur Drac,NO,2.523076923076923
Champ sur Drac,NO2,14.55
Champ sur Drac,O3,14.832692307692307
Champforgueil,NO,2.873076923076923
Champforgueil,NO2,11.561538461538465
Champforgueil,NOX as NO2,15.990384615384615
Champforgueil,O3,27.555769230769233
Champforgueil,PM10,10.525
Chartres_trafic,NO,11.10576923076923
Chartres_trafic,NO2,18.790384615384617
Chartres_trafic,NOX as NO2,35.77307692307692
Chartres_trafic,PM2.5,6.045833333333333
Chateauneuf La Mede,PM10,7.691666666666666
Chateauroux Sud,NO,3.3576923076923078
Chateauroux Sud,NO2,4.480769230769232
Chateauroux Sud,NOX as NO2,9.607692307692307
Chateauroux Sud,O3,33.99230769230769
Chateauroux Sud,PM10,9.521153846153846
Chateauroux Sud,PM2.5,7.323076923076924
Chatenois,PM10,8.345833333333333
Chatenois,SO2,0.07243538461538462
Cheiron,O3,72.01153846153846
Cherbourg Hotel de Ville,NO,0.5269230769230769
Cherbourg Hotel de Ville,NO2,7.2846153846153845
Cherbourg Hotel de Ville,NOX as NO2,8.073076923076922
Cherbourg Hotel de Ville,O3,67.52115384615385
Cherbourg Hotel de Ville,PM10,7.94423076923077
Cherbourg Hotel de Ville,PM2.5,3.719230769230769
Cherbourg port charb,PM10,13.474999999999996
Clermont-Esplanade Gare,NO,12.079166666666667
Clermont-Esplanade Gare,NO2,29.2375
Clermont-Esplanade Gare,PM10,13.796153846153846
Clermont-Esplanade Gare,PM2.5,9.957692307692307
Colmar Centre,NO,11.421153846153848
Colmar Centre,NO2,18.628846153846155
Colmar Centre,NOX as NO2,36.07115384615384
Colmar Centre,PM10,6.904166666666668
Colmar Sud,O3,12.953846153846154
Concorde,NO,16.188888888888886
Concorde,NO2,14.869444444444444
Concorde,NOX as NO2,39.66388888888889
DAURAT ST GAUDENS,SO2,-0.4942307692307692
DAX,NO,1.2230769230769232
DAX,NO2,5.332692307692308
DAX,NOX as NO2,7.198076923076922
DAX,O3,63.0326923076923
DAX,PM10,4.096153846153847
DAX,PM2.5,2.365384615384616
DELACROIX,NO,2.5625000000000004
DELACROIX,NO2,13.518749999999999
DELACROIX,NOX as NO2,17.46875
DELACROIX,O3,26.225000000000005
DELACROIX,PM10,12.158333333333333
DOUMER,NO,27.716025384615385
DOUMER,NO2,32.245513076923075
DOUMER,NOX as NO2,74.34743615384615
DOUMER,PM10,15.860416666666666
DOUMER,PM2.5,6.708333333333333
Daix,O3,44.09679461538462
Dambenois Citoyen,O3,40.008974615384616
Damparis,NO,4.769871538461539
Damparis,NO2,6.446794615384615
Damparis,NOX as NO2,13.760897692307692
Damparis,SO2,2.425641538461538
Denain Villars,NO,1.7326923076923075
Denain Villars,NO2,13.784615384615384
Denain Villars,NOX as NO2,16.43846153846154
Denain Villars,O3,32.060256153846154
Denain Villars,PM10,12.640909090909092
Dieppe Golf,O3,66.74423076923077
Dieppe Golf,PM10,9.478846153846154
Dieppe Golf,PM2.5,3.4596153846153843
Dieppe prox-auto,NO,19.442307692307693
Dieppe prox-auto,NO2,22.599999999999998
Dieppe prox-auto,NOX as NO2,52.357692307692304
Dieppe prox-auto,PM10,10.191666666666666
Dieppe prox-auto,PM2.5,5.474999999999999
Dijon Péjoces,NO,1.455769230769231
Dijon Péjoces,NO2,11.836538461538462
Dijon Péjoces,NOX as NO2,14.05769230769231
Dijon Péjoces,O3,36.13076923076923
Dijon Péjoces,PM10,11.352083333333333
Dijon Péjoces,PM2.5,4.006818181818182
Dijon Trémouille,NO,18.77628230769231
Dijon Trémouille,NO2,19.07628230769231
Dijon Trémouille,NOX as NO2,45.84871769230769
Dijon Trémouille,PM10,7.216666666666666
Dijon-Transvaal,PM2.5,3.03125
Dole centre,NO,6.624359230769231
Dole centre,NO2,14.109615384615385
Dole centre,NOX as NO2,24.261538461538457
Dole centre,O3,17.83012846153846
Dole centre,PM10,11.735416666666666
Donon Vosges Moyennes 2,NO,0.4807692307692309
Donon Vosges Moyennes 2,NO2,2.1653846153846152
Donon Vosges Moyennes 2,NOX as NO2,2.901346153846154
Donon Vosges Moyennes 2,O3,57.15961538461538
Donon Vosges Moyennes 2,PM10,3.2570515384615386
Donon Vosges Moyennes 2,PM2.5,2.340384615384615
Douai Theuriet,NO,3.923076923076923
Douai Theuriet,NO2,13.075
Douai Theuriet,NOX as NO2,19.098076923076924
Douai Theuriet,O3,25.192307692307693
Douai Theuriet,PM2.5,7.984615384615385
Dreux Centre,NO,0.08653846153846154
Dreux Centre,NO2,5.509615384615385
Dreux Centre,NOX as NO2,5.576923076923077
Dreux Centre,O3,30.50192307692308
Dreux Centre,PM10,6.996153846153846
Dreux Centre,PM2.5,4.598076923076923
Drôme Rurale Sud-SND,NO,0.875
Drôme Rurale Sud-SND,NO2,1.7512823076923079
Drôme Rurale Sud-SND,NOX as NO2,3.1108976923076925
Drôme Rurale Sud-SND,O3,60.13782
Drôme Rurale Sud-SND,PM10,2.2711538461538456
Drôme Rurale Sud-SND,PM2.5,1.4
ECOLE M.JACQUIER,NO,0.2903846153846154
ECOLE M.JACQUIER,NO2,6.0307692307692315
ECOLE M.JACQUIER,NOX as NO2,6.476923076923077
ECOLE M.JACQUIER,O3,62.969871538461526
ECOLE M.JACQUIER,PM10,3.3480769230769236
EISENHOWER SETMI,PM10,3.897916666666667
EPINETTES,O3,25.06041666666667
ESTEREL,NO,0.6326923076923077
ESTEREL,NO2,3.251282307692308
ESTEREL,NOX as NO2,4.21859
ESTEREL,O3,54.591666923076914
ESTEREL,PM10,6.118750000000001
ESTEREL,PM2.5,1.710416666666667
EVRY,NO,6.690384615384615
EVRY,NO2,28.992307692307698
EVRY,NOX as NO2,39.24807692307692
Ecole JOINVILLE,NO,3.71875
Ecole JOINVILLE,NO2,3.9015625000000003
Ecole JOINVILLE,NOX as NO2,9.6234375
Ecole JOINVILLE,O3,34.8734375
Ecole JOINVILLE,PM10,12.486666666666668
Ecole JOINVILLE,PM2.5,7.066666666666668
Ecole JOINVILLE,SO2,0.35312499999999997
Ecole La Marine,NO,2.59375
Ecole La Marine,NO2,5.1734374999999995
Ecole La Marine,NOX as NO2,9.1625
Ecole La Marine,SO2,1.0093750000000001
Ecole de Carling(9),NO,2.7027777777777775
Ecole de Carling(9),NO2,17.283333333333335
Ecole de Carling(9),NOX as NO2,21.42222222222222
Ecole de Carling(9),PM10,5.603125000000001
Ecole de Carling(9),SO2,0.0
Edouard Michelin,NO,17.607692307692307
Edouard Michelin,NO2,31.944230769230764
Epinal,NO,0.6461538461538461
Epinal,NO2,2.763461538461539
Epinal,NOX as NO2,3.755769230769231
Epinal,O3,39.016666666666666
Epinal,PM10,7.718749999999999
Espace du Palais,NO,7.526923076923078
Espace du Palais,NO2,30.734615384615385
Espace du Palais,NOX as NO2,42.1653846153846
Espace du Palais,O3,22.96346153846154
Espace du Palais,PM10,10.365384615384615
Espace du Palais,PM2.5,7.671153846153847
Espace du Palais,SO2,1.3365384615384615
Etang Zabricot,SO2,3.0166666666666666
Evreux Centre,NO,0.5461538461538462
Evreux Centre,NO2,13.090384615384616
Evreux Centre,NOX as NO2,13.859615384615385
Evreux Centre,O3,26.861538461538462
Evreux Centre,PM10,7.388461538461538
Evreux Centre,PM2.5,5.186538461538461
FEYZIN STADE,C6H6,5.1274999999999995
FEYZIN STADE,PM10,11.7875
FEYZIN STADE,SO2,6.14423076923077
FRERES GONCOURT,C6H6,3.4100000000000006
FRERES GONCOURT,CO,137.95166666666668
FRERES GONCOURT,NO,7.541666666666665
FRERES GONCOURT,NO2,17.785416666666666
FRERES GONCOURT,NOX as NO2,29.279166666666672
FRERES GONCOURT,PM10,5.2562500000000005
FRERES GONCOURT,PM2.5,7.0930558333333344
FROSSAY,NO,1.9666666666666668
FROSSAY,NO2,4.812499999999999
FROSSAY,NOX as NO2,7.833333333333332
FROSSAY,PM10,10.083333333333334
FROSSAY,SO2,-1.5951391666666668
Faiencerie Creil,CO,3.8461538461538463
Faiencerie Creil,NO,5.390384615384615
Faiencerie Creil,NO2,15.540384615384616
Faiencerie Creil,NOX as NO2,23.800000000000004
Faiencerie Creil,O3,27.63333307692308
Faverolles,O3,29.10576923076923
Fillé,O3,12.947916666666666
Fléville,PM10,10.716666666666667
Fos Les Carabins,PM2.5,4.322916666666667
Fos sur Mer,SO2,2.4820515384615383
Frolois,PM10,15.960416666666669
Frolois,SO2,0.9032053846153847
Fulbert,O3,44.41923076923077
Fulbert,PM10,8.0
Fulbert,PM2.5,5.416666666666667
Fécamp,O3,40.86923076923077
GAILLARD,NO,3.319230769230769
GAILLARD,NO2,13.140384615384617
GAILLARD,O3,28.238461538461536
GAILLARD,PM10,6.661538461538461
GAILLARD,PM2.5,5.186538461538461
GAP COMMANDERIE,NO,6.017307692307692
GAP COMMANDERIE,NO2,14.596153846153847
GAP COMMANDERIE,NOX as NO2,23.834615384615383
GAP COMMANDERIE,O3,33.564743846153846
GAP COMMANDERIE,PM10,12.247916666666667
GAP COMMANDERIE,PM2.5,10.002083333333333
GAP JEAN JAURES,NO,17.38653846153846
GAP JEAN JAURES,NO2,20.12884615384615
GAP JEAN JAURES,NOX as NO2,46.75384615384615
GAP JEAN JAURES,PM10,10.487499999999999
GAP JEAN JAURES,PM2.5,6.154166666666666
GARDANNE,PM10,9.666666666666668
GARDANNE,PM2.5,8.083333333333334
GASPARD,O3,43.71875
GAUDONVILLE,O3,64.39038461538462
GENNEVILLIERS,NO,3.8923076923076922
GENNEVILLIERS,NO2,24.194230769230767
GENNEVILLIERS,NOX as NO2,30.16346153846154
GENNEVILLIERS,PM10,11.553846153846154
GENNEVILLIERS,PM2.5,7.998076923076923
GERLAND,NO,4.673076923076923
GERLAND,NO2,10.667307692307693
GERLAND,O3,26.73076923076923
GERLAND,PM10,6.161538461538462
GERLAND,PM2.5,4.686538461538462
GONESSE,NO,6.2942307692307695
GONESSE,NO2,31.73846153846154
GONESSE,NOX as NO2,41.33653846153846
GONESSE,PM2.5,10.916666666666666
GRAND PARC,NO,1.505769230769231
GRAND PARC,NO2,9.026923076923076
GRAND PARC,NOX as NO2,11.346153846153847
GRAND PARC,O3,47.126923076923084
GRAND PARC,PM10,8.05625
GUEDOU,NO,7.277083333333334
GUEDOU,NO2,15.714583333333332
GUEDOU,NOX as NO2,26.872916666666665
GUERET - Nicolas,NO,3.9923076923076923
GUERET - Nicolas,NO2,12.609615384615383
GUERET - Nicolas,NOX as NO2,18.72692307692308
GUERET - Nicolas,O3,40.28974384615385
GUERET - Nicolas,PM10,7.502083333333332
Gambetta,NO,12.328846153846154
Gambetta,NO2,23.242307692307694
Gambetta,NOX as NO2,42.07307692307692
Gambetta,PM10,14.987499999999999
Gard Rhodanien2,O3,62.49230769230769
Gd Couronne Mairie,PM10,9.346153846153847
Gonfreville l Orcher,CO,143.30769230769232
Gonfreville l Orcher,NO,0.5865384615384616
Gonfreville l Orcher,NO2,13.665384615384616
Gonfreville l Orcher,NOX as NO2,14.57307692307692
Gonfreville l Orcher,PM10,8.725
Gonfreville l Orcher,SO2,1.6749999999999998
Grand Coude,PM10,8.955357142857142
Grand Coude,PM2.5,4.625
Grand Coude,SO2,0.4433333333333333
Grand Fond,NO,2.0015625000000004
Grand Fond,NO2,7.792187500000001
Grand Fond,NOX as NO2,10.882812499999998
Grand Fond,O3,36.654687499999994
Grand Fond,PM10,13.08392857142857
Grande-synthe,CO,94.23076923076923
Grande-synthe,NO,1.8326923076923076
Grande-synthe,NO2,12.749999999999998
Grande-synthe,NOX as NO2,15.56153846153846
Grande-synthe,PM10,17.865384615384617
Grande-synthe,SO2,17.245513076923082
Gravelines PC/Drire,PM10,14.68125
Gravelines PC/Drire,SO2,2.587820769230769
Grenoble Boulevards,NO,24.17884615384615
Grenoble Boulevards,NO2,26.994230769230764
Grenoble Boulevards,PM10,13.258333333333333
Grenoble Les Frenes,NO,2.9807692307692304
Grenoble Les Frenes,NO2,15.384615384615385
Grenoble Les Frenes,O3,15.185256153846154
Grenoble Les Frenes,PM10,11.819230769230769
Grenoble Les Frenes,PM2.5,9.373076923076924
Grenoble PeriurbSud,NO,2.082692307692308
Grenoble PeriurbSud,NO2,11.040384615384614
Grenoble PeriurbSud,O3,17.025000000000002
Grenoble PeriurbSud,PM10,11.98958333333333
Gresivaudan Periurb,NO,3.3480769230769236
Gresivaudan Periurb,NO2,10.128846153846155
Gresivaudan Periurb,O3,15.890384615384615
Gresivaudan Periurb,PM10,9.56153846153846
Gresivaudan Periurb,PM2.5,7.3307692307692305
HAUT BEAUJOLAIS,O3,76.07115384615385
HAYANGE-MARSPICH,PM10,5.727083333333333
HYERES,O3,66.69551307692308
HYERES,PM10,1.3666666666666665
Haguenau-Place marché aux bestiaux,NO,0.4173076923076924
Haguenau-Place marché aux bestiaux,NO2,9.011538461538462
Haguenau-Place marché aux bestiaux,NOX as NO2,9.73076923076923
Haguenau-Place marché aux bestiaux,O3,44.169230769230765
Haguenau-Place marché aux bestiaux,PM2.5,3.233333333333334
Halluin stade,O3,23.434615384615384
Harfleur Ecole Coty,SO2,2.9596153846153848
Harnes Serres,NO,1.6326923076923079
Harnes Serres,NO2,13.759615384615387
Harnes Serres,NOX as NO2,16.253846153846155
Harnes Serres,O3,30.51474384615385
Harnes Serres,PM10,15.379545454545456
Heming,NO,0.7423076923076922
Heming,NO2,3.767307692307692
Heming,NOX as NO2,4.863461538461538
Heming,PM10,16.259615384615383
Heming,SO2,-1.357639166666667
Honfleur Sce Tech.,O3,38.978846153846156
Honfleur Sce Tech.,PM10,9.222916666666666
Honfleur Sce Tech.,SO2,0.48076923076923084
Hotel Districal,NO,4.671153846153847
Hotel Districal,NO2,12.974999999999998
Hotel Districal,NOX as NO2,20.076923076923073
IFS Caen sud,NO,1.7096153846153848
IFS Caen sud,NO2,11.457692307692307
IFS Caen sud,NOX as NO2,14.053846153846154
IFS Caen sud,O3,42.48269230769232
IFS Caen sud,PM10,9.625
Istres,O3,60.75641076923077
JULES VERNE,NO,2.0479166666666666
JULES VERNE,NO2,11.297916666666667
JULES VERNE,NOX as NO2,14.445833333333335
Jardin Lecoq,NO,0.9923076923076923
Jardin Lecoq,NO2,19.92884615384616
Jardin Lecoq,O3,37.592307692307685
Jardin Lecoq,PM10,13.072727272727274
Jean d Aulan,NO,2.6365384615384615
Jean d Aulan,NO2,12.809615384615382
Jean d Aulan,NOX as NO2,16.76923076923077
Jean d Aulan,O3,29.136538461538464
Jean d Aulan,PM10,14.848076923076924
Jean d Aulan,PM2.5,10.563461538461537
Jean d Aulan,SO2,-1.1583330769230769
Jonville en Woevre,NO,2.5875
Jonville en Woevre,NO2,4.459375
Jonville en Woevre,NOX as NO2,8.421875
Jonville en Woevre,O3,46.89545454545455
Jonville en Woevre,PM10,10.46
Jonville en Woevre,PM2.5,6.667499999999999
Jonville en Woevre,SO2,0.7999999999999999
Joué lès Tours,NO,3.705769230769231
Joué lès Tours,NO2,14.092307692307694
Joué lès Tours,NOX as NO2,19.257692307692313
Joué lès Tours,O3,19.640384615384615
Joué lès Tours,PM10,16.76730769230769
Joué lès Tours,PM2.5,14.923076923076923
Kalou,NO,3.2849999999999993
Kalou,NO2,9.502500000000001
Kalou,O3,17.23
Kalou,PM10,12.642499999999998
Kawéni Nord,O3,26.682291874999997
Kawéni Nord,PM10,30.664062499999993
Kawéni Nord,PM2.5,7.9624999999999995
Kawéni Nord,SO2,3.996875
Kawéni Village,CO,142.864375
Kawéni Village,NO,6.6450000000000005
Kawéni Village,NO2,5.845
Kawéni Village,NOX as NO2,15.956666666666665
Kawéni Village,PM10,11.806666666666668
Kergoff,NO,0.6832692307692307
Kergoff,NO2,4.020192307692307
Kergoff,NOX as NO2,5.0042307692307695
Kergoff,O3,61.99423076923077
Kergoff,PM10,4.0972225
Kergoff,PM2.5,2.4562500000000003
LA CHAUVINIERE,NO,5.527083333333333
LA CHAUVINIERE,NO2,18.166666666666668
LA CHAUVINIERE,NOX as NO2,26.6375
LA CHAUVINIERE,PM10,9.36875
LA CHAUVINIERE,PM2.5,6.681250000000001
LA MEGRETAIS,NO,1.3333333333333333
LA MEGRETAIS,NO2,7.343749999999999
LA MEGRETAIS,NOX as NO2,9.391666666666667
LA MEGRETAIS,PM10,11.141666666666667
LA MEGRETAIS,PM2.5,8.504166666666668
LA MEGRETAIS,SO2,-0.08125
LA NOUAILLE - MERA,O3,63.910256153846156
LA SEYNE GENOUD,NO,2.876923076923077
LA SEYNE GENOUD,NO2,11.532692307692308
LA SEYNE GENOUD,NOX as NO2,15.95576923076923
LA TALAUDIERE,NO,0.8923076923076922
LA TALAUDIERE,NO2,7.324999999999999
LA TALAUDIERE,O3,43.59615384615385
LA TALAUDIERE,PM10,7.786538461538461
LA TARDIERE,NO,1.3770833333333332
LA TARDIERE,NO2,4.68125
LA TARDIERE,NOX as NO2,6.708333333333335
LA TARDIERE,O3,41.12916666666667
LA TARDIERE,PM10,10.799999999999999
LA TARDIERE,PM2.5,6.1625000000000005
LA TOUR,NO,8.486538461538462
LA TOUR,NO2,16.125000000000004
LA TOUR,NOX as NO2,29.14230769230769
LA TOUR,PM10,15.936538461538458
LABASTIDE CEZERACQ,NO,0.39230769230769236
LABASTIDE CEZERACQ,NO2,0.6615384615384616
LABASTIDE CEZERACQ,NOX as NO2,1.2596153846153846
LABASTIDE CEZERACQ,O3,68.3923076923077
LABASTIDE CEZERACQ,PM10,2.5854166666666667
LABASTIDE CEZERACQ,SO2,0.0034724999999999943
LACQ,NO,0.9846153846153847
LACQ,NO2,5.824999999999999
LACQ,NOX as NO2,7.334615384615383
LACQ,SO2,12.108974615384616
LAGOR,SO2,0.8423076923076924
LE PONTET,NO,0.8173076923076922
LE PONTET,NO2,4.407692307692307
LE PONTET,NOX as NO2,5.663461538461539
LE PONTET,PM2.5,5.776923076923077
LE TEMPLE,NO,-0.007692307692307699
LE TEMPLE,NO2,0.36153846153846153
LE TEMPLE,NOX as NO2,0.35
LE TEMPLE,O3,48.65961538461538
LEON BLUM,NO,1.1645833333333333
LEON BLUM,NO2,7.120833333333333
LEON BLUM,NOX as NO2,8.920833333333333
LEON BLUM,O3,44.418749999999996
LEON BLUM,PM10,8.072916666666668
LEON BLUM,PM2.5,3.1520833333333336
LES COUETS,NO,24.993750000000002
LES COUETS,NO2,26.681250000000002
LES COUETS,NOX as NO2,64.93958333333333
LES COUETS,PM10,21.771875
LES COUETS,PM2.5,13.060416666666667
LES ULIS,O3,38.66538461538461
LIMOGES - Aine,NO,6.162820000000001
LIMOGES - Aine,NO2,14.530769230769234
LIMOGES - Aine,NOX as NO2,23.975640769230765
LIMOGES - Aine,PM10,8.045833333333334
LIMOGES - BERLAND,NO,0.5942307692307693
LIMOGES - BERLAND,NO2,9.361538461538462
LIMOGES - BERLAND,NOX as NO2,10.265384615384615
LIMOGES - BERLAND,O3,39.71346153846154
LIMOGES - BERLAND,PM10,11.471153846153848
LIMOGES - BERLAND,PM2.5,8.982692307692307
LOGNES,NO,15.059615384615386
LOGNES,NO2,37.58653846153846
LOGNES,NOX as NO2,60.71538461538462
LOGNES,O3,12.942307692307692
LOGNES,PM10,21.198076923076922
LOURDES LAPACCA,NO,1.0076923076923077
LOURDES LAPACCA,NO2,4.3307692307692305
LOURDES LAPACCA,NOX as NO2,5.865384615384615
LOURDES LAPACCA,O3,68.93653846153846
LOURDES LAPACCA,PM10,1.5423076923076926
LOURDES LAPACCA,PM2.5,0.871153846153846
LOVERCHY,NO,14.885416666666666
LOVERCHY,NO2,18.916666666666668
LOVERCHY,O3,12.442307692307692
LOVERCHY,PM2.5,10.295833333333334
LYC. LISLET GEOFFROY,NO,0.049999999999999975
LYC. LISLET GEOFFROY,NO2,5.327941176470588
LYC. LISLET GEOFFROY,NOX as NO2,5.397058823529412
LYC. LISLET GEOFFROY,PM10,11.046666666666669
LYON Centre,NO,0.4288461538461539
LYON Centre,NO2,9.296153846153846
LYON Centre,O3,34.62692307692308
LYON Centre,PM10,7.101923076923077
LYON Centre,PM2.5,4.615384615384615
LYON TRAFIC JAURES,NO,6.1326923076923086
LYON TRAFIC JAURES,NO2,20.117307692307694
LYON TRAFIC JAURES,PM10,4.308333333333333
La Cerlangue,SO2,1.4903846153846154
La Coulonche MERA,O3,68.26346153846154
La Coulonche MERA,PM10,6.223076923076922
La Coulonche MERA,PM2.5,3.3173076923076925
La Léchère,PM10,11.887500000000001
La Pallice3 LR,PM10,10.347916666666665
La Pallice3 LR,PM2.5,5.1375
La_Source-CNRS,NO,1.521153846153846
La_Source-CNRS,NO2,6.890384615384614
La_Source-CNRS,NOX as NO2,9.205769230769231
La_Source-CNRS,O3,32.98653846153846
La_Source-CNRS,PM10,9.63846153846154
La_Source-CNRS,PM2.5,6.882692307692306
Lamentin,NO,3.3750000000000004
Lamentin,NO2,5.550000000000001
Lamentin,NOX as NO2,10.719444444444443
Lamentin,O3,41.14722222222222
Lamentin,PM10,9.305555555555557
Lamentin,PM2.5,3.577777777777778
Le Casset2,O3,81.91346153846153
Le Havre Ec. Herriot,O3,65.4346153846154
Le Havre Ec. Herriot,PM10,8.64423076923077
Le Havre Ec. Herriot,SO2,1.4903846153846154
Le Havre Lafaurie-montant,NO,36.85961538461538
Le Havre Lafaurie-montant,NO2,39.67115384615385
Le Havre Lafaurie-montant,NOX as NO2,94.94999999999999
Le Havre Lafaurie-montant,PM10,13.720833333333331
Le Havre Lafaurie-montant,PM2.5,5.658333333333332
Le Havre Massillon,NO,0.9019230769230769
Le Havre Massillon,NO2,13.807692307692308
Le Havre Massillon,NOX as NO2,15.178846153846155
Le Havre Massillon,SO2,-0.057692307692307696
Le Havre ville-haute,NO,0.5653846153846154
Le Havre ville-haute,NO2,4.419230769230769
Le Havre ville-haute,NOX as NO2,5.269230769230769
Le Havre ville-haute,O3,74.39038461538463
Le Havre ville-haute,PM10,7.957692307692307
Le Havre ville-haute,PM2.5,3.786538461538461
Le Havre ville-haute,SO2,-0.33076923076923076
Le Puy-Causans,NO,2.2775646153846156
Le Puy-Causans,NO2,13.735256923076925
Le Puy-Causans,O3,31.533974615384615
Le Puy-Causans,PM10,3.972916666666667
Leblanc,NO,3.148076923076923
Leblanc,NO2,9.871153846153847
Leblanc,NOX as NO2,14.734615384615383
Leblanc,O3,21.351923076923075
Leblanc,PM10,12.298076923076923
Leblanc,PM2.5,9.967307692307692
Lens Varsovie,PM10,12.36153846153846
Les Ancizes,PM10,4.271153846153846
Les Couronneries,NO,2.117307692307692
Les Couronneries,NO2,11.271153846153847
Les Couronneries,NOX as NO2,14.50576923076923
Les Couronneries,O3,29.611538461538462
Les Couronneries,PM10,13.954166666666666
Ligne Paradis,NO,14.461764705882352
Ligne Paradis,NO2,10.16764705882353
Ligne Paradis,NOX as NO2,32.31764705882353
Ligne Paradis,O3,32.32647058823529
Ligne Paradis,PM10,10.425
Lille Leeds,NO,4.538461538461539
Lille Leeds,NO2,23.503846153846155
Lille Leeds,NOX as NO2,30.448076923076922
Lille Leeds,PM2.5,5.496153846153845
Lillebonne,SO2,0.5192307692307692
Lisieux,NO,7.300000000000001
Lisieux,NO2,11.365384615384615
Lisieux,NOX as NO2,22.52307692307693
Lisieux,O3,21.555769230769233
Lisieux,PM10,8.778846153846153
Lisieux,PM2.5,6.330769230769231
Lons-le-Saunier CV,O3,37.6326923076923
Lons-le-Saunier CV,PM10,6.335416666666666
Lons-le-Saunier CV,PM2.5,2.6437500000000003
Lorient B. Bissonnet,NO,5.792307692307692
Lorient B. Bissonnet,NO2,14.590384615384615
Lorient B. Bissonnet,NOX as NO2,20.586538461538456
Lorient B. Bissonnet,O3,34.26346153846154
Lorient B. Bissonnet,PM10,7.532692307692307
Lorient B. Bissonnet,PM2.5,5.121153846153846
Lorient Normandie,NO,3.5980769230769236
Lorient Normandie,NO2,12.325
Lorient Normandie,NOX as NO2,18.586538461538463
Lunel Viel,NO,2.967948461538462
Lunel Viel,NO2,7.158974615384616
Lunel Viel,NOX as NO2,11.632051538461537
Lunel Viel,PM10,5.43846153846154
Lunel Viel,PM2.5,3.076923076923077
Luneville,NO,16.384615384615383
Luneville,NO2,16.230769230769234
Luneville,NOX as NO2,41.315384615384616
Lyon Périphérique,CO,129.8653846153846
Lyon Périphérique,NO,29.834615384615383
Lyon Périphérique,NO2,44.869230769230775
Lyon Périphérique,PM10,9.983333333333333
MANOSQUE,NO,3.898076923076923
MANOSQUE,NO2,9.928846153846154
MANOSQUE,NOX as NO2,15.915384615384616
MANOSQUE,O3,41.44423076923077
MANOSQUE,PM2.5,5.7153846153846155
MANTES-LA-JOLIE,NO,11.31153846153846
MANTES-LA-JOLIE,NO2,21.855769230769234
MANTES-LA-JOLIE,NOX as NO2,39.19038461538461
MANTES-LA-JOLIE,O3,18.95
MARMANDE,NO,5.292307692307692
MARMANDE,NO2,9.751923076923077
MARMANDE,NOX as NO2,17.85576923076923
MARMANDE,PM10,5.8187500000000005
MARMANDE,PM2.5,1.0159090909090909
MARSEILLE 5 AVENUES,NO,1.1903846153846154
MARSEILLE 5 AVENUES,NO2,11.023076923076925
MARSEILLE 5 AVENUES,NOX as NO2,12.83076923076923
MARSEILLE 5 AVENUES,O3,53.6423076923077
MARSEILLE 5 AVENUES,PM10,5.038461538461538
MARSEILLE 5 AVENUES,PM2.5,2.7634615384615384
MARSEILLE 5 AVENUES,SO2,0.10961538461538461
MARSEILLE RABATAU,NO,6.690384615384615
MARSEILLE RABATAU,NO2,17.375
MARSEILLE RABATAU,NOX as NO2,26.674359230769234
MARSEILLE RABATAU,PM10,16.075000000000003
MARSEILLE RABATAU,PM2.5,2.985416666666667
MARSEILLE ST LOUIS,NO,2.296153846153846
MARSEILLE ST LOUIS,NO2,11.40576923076923
MARSEILLE ST LOUIS,NOX as NO2,14.926923076923076
MARSEILLE ST LOUIS,PM10,5.4653846153846155
MARSEILLE ST LOUIS,PM2.5,3.1557692307692307
MASLACQ,SO2,-0.43846153846153846
MAZAGRAN,NO,5.2124999999999995
MAZAGRAN,NO2,17.981250000000003
MAZAGRAN,NOX as NO2,25.964583333333337
MAZAGRAN,O3,21.7
MAZAGRAN,PM10,10.891666666666666
MELUN,NO,4.990384615384615
MELUN,NO2,17.119230769230768
MELUN,NOX as NO2,24.75769230769231
MELUN,O3,19.896153846153844
MERIGNAC,NO,6.350640769230769
MERIGNAC,NO2,16.058333076923073
MERIGNAC,NOX as NO2,25.791026153846154
MERIGNAC,PM10,4.829166666666667
MIRAMONT,SO2,0.10769230769230768
MONT DE MARSAN,NO,8.759615384615385
MONT DE MARSAN,NO2,10.28076923076923
MONT DE MARSAN,NOX as NO2,23.701923076923077
MONT DE MARSAN,PM10,6.960416666666666
MONT DE MARSAN,PM2.5,4.735416666666667
MONTGAILLARD,O3,42.364705882352936
MONTGERON,NO,7.630769230769231
MONTGERON,NO2,27.988461538461536
MONTGERON,NOX as NO2,39.71153846153846
MONTGERON,O3,18.53076923076923
MOURENX,NO,0.051923076923076926
MOURENX,NO2,0.17179538461538463
MOURENX,NOX as NO2,0.2480769230769231
MOURENX,SO2,0.15555583333333334
Macon Paul Bert,NO,-0.19230769230769237
Macon Paul Bert,NO2,10.546153846153846
Macon Paul Bert,NOX as NO2,10.301923076923073
Macon Paul Bert,O3,29.96538461538462
Macon Paul Bert,PM10,10.704545454545455
Maison Parc Brotonne,NO,0.31153846153846143
Maison Parc Brotonne,NO2,9.03846153846154
Maison Parc Brotonne,NOX as NO2,9.503846153846153
Maison Parc Brotonne,O3,36.71923076923076
Maison Parc Brotonne,PM2.5,5.270833333333333
Maison Parc Brotonne,SO2,7.153846153846154
Malo-les-Bains,PM2.5,5.326923076923077
Marcq CTM,O3,26.130769230769236
Marcq CTM,PM10,13.53125
Mardyck,C6H6,0.25083333333333335
Mardyck,NO,3.125
Mardyck,NO2,8.169230769230769
Mardyck,NOX as NO2,12.948076923076924
Mardyck,PM10,10.14423076923077
Mardyck,SO2,0.08974384615384616
Marignane,NO,1.8461538461538463
Marignane,NO2,7.60576923076923
Marignane,NOX as NO2,10.43846153846154
Marignane,PM10,5.732692307692307
Marignane,PM2.5,2.869230769230769
Marigny-les-usages,O3,24.990384615384617
Martigues La Gatasse,SO2,0.4354166666666666
Martigues Laurons,SO2,2.3019230769230767
Martigues Lavera,C6H6,0.23480769230769236
Martigues Lavera,SO2,1.0352561538461538
Martigues P. Central,O3,64.33910307692307
Martigues P. Central,SO2,-0.3625
Maubeuge Joyeuse,NO,2.571153846153846
Maubeuge Joyeuse,NO2,16.398076923076925
Maubeuge Joyeuse,NOX as NO2,20.123076923076926
Maubeuge Joyeuse,O3,28.209615384615383
Maubeuge Joyeuse,PM10,14.272727272727273
Maurienne Trafic,NO,11.662820769230766
Maurienne Trafic,NO2,15.34423076923077
Maurienne Trafic,PM10,2.6666666666666665
Mesnil Esnard,O3,36.573076923076925
Metz- Pont Grilles,NO,7.599305833333332
Metz- Pont Grilles,NO2,12.316666666666665
Metz- Pont Grilles,PM10,8.036363636363637
Metz-Borny,NO,0.7019230769230771
Metz-Borny,NO2,6.728846153846154
Metz-Borny,NOX as NO2,7.807692307692307
Metz-Borny,PM10,6.933333333333334
Metz-Centre,NO,-0.28125000000000006
Metz-Centre,NO2,8.5375
Metz-Centre,NOX as NO2,8.135416666666666
Metz-Centre,O3,50.459090909090904
Metz-Centre,PM10,7.0249999999999995
Metz-Centre,PM2.5,5.885416666666667
Montandon Baresans,O3,33.73461538461539
Montandon Baresans,PM10,4.3307692307692305
Montargis Fond,NO,5.990384615384615
Montargis Fond,NO2,12.963461538461537
Montargis Fond,NOX as NO2,22.02884615384615
Montargis Fond,O3,13.661538461538463
Montargis Fond,PM10,14.576923076923078
Montargis Fond,PM2.5,11.724999999999998
Montargis_trafic,NO,25.66923076923077
Montargis_trafic,NO2,21.396153846153844
Montargis_trafic,NOX as NO2,60.61346153846155
Montargis_trafic,PM2.5,14.258333333333335
Montauban,NO,0.8967946153846154
Montauban,NO2,4.232692307692307
Montauban,NOX as NO2,5.608333076923078
Montauban,O3,54.27499999999999
Montauban,PM10,3.053846153846154
Montauban,PM2.5,2.0076923076923077
Montbéliard centre,NO,2.34359
Montbéliard centre,NO2,9.371794615384614
Montbéliard centre,NOX as NO2,12.919230769230769
Montbéliard centre,O3,35.49423076923077
Montbéliard centre,PM10,7.023610833333333
Montbéliard centre,PM2.5,2.720833333333333
Montceau-les-Mines 9me écluse,NO,3.728846153846154
Montceau-les-Mines 9me écluse,NO2,9.638461538461538
Montceau-les-Mines 9me écluse,NOX as NO2,15.376923076923077
Montceau-les-Mines 9me écluse,O3,27.02884615384615
Montceau-les-Mines 9me écluse,PM10,6.697916666666667
Montceau-les-Mines 9me écluse,PM2.5,6.73125
Montfaucon,O3,51.67307692307692
Montferrand,NO,4.0874999999999995
Montferrand,NO2,24.712500000000002
Montferrand,O3,29.82115384615385
Montferrand,PM10,12.828846153846154
Montferrand,PM2.5,10.015384615384615
Montierchaume,O3,30.748076923076926
Montluçon,NO,6.642307692307692
Montluçon,NO2,12.674999999999999
Montluçon,O3,22.07564153846154
Montluçon,PM10,8.815384615384614
Montluçon,PM2.5,5.778846153846155
Montpellier Chaptal,NO,1.5903846153846155
Montpellier Chaptal,NO2,17.615384615384617
Montpellier Chaptal,NOX as NO2,20.057692307692307
Montpellier Prés d'Arènes,NO,1.275
Montpellier Prés d'Arènes,NO2,8.813461538461539
Montpellier Prés d'Arènes,NOX as NO2,10.59423076923077
Montpellier Prés d'Arènes,O3,59.49230769230768
Montpellier Prés d'Arènes,PM10,3.253846153846154
Montpellier Prés d'Arènes,PM2.5,1.9346153846153848
Montpellier Périurbaine Sud (Lattes),O3,57.30320538461538
Montpellier St Denis,NO2,9.323076923076924
Montpellier St Gely,O3,60.907692307692315
Morvan,NO,0.11884615384615384
Morvan,NO2,0.7988653846153846
Morvan,NOX as NO2,0.981326923076923
Morvan,O3,48.11153846153846
Morvan,PM10,3.5624999999999996
Morvan,PM2.5,3.18125
Moulins Centre,NO,3.113461538461538
Moulins Centre,NO2,13.873076923076924
Moulins Centre,O3,24.986538461538466
Moulins Centre,PM10,15.965384615384618
Moulins Centre,PM2.5,13.52115384615385
Moult proximité,NO2,21.392307692307693
Moult proximité,PM10,14.654166666666663
Mulhouse Est,O3,51.8375
Mulhouse Nord,NO,3.3068181818181817
Mulhouse Nord,NO2,10.68181818181818
Mulhouse Nord,NOX as NO2,15.661363636363637
Mulhouse Nord,PM10,4.0
Mulhouse Sud 2,NO,1.0808329999999997
Mulhouse Sud 2,NO2,5.130833
Mulhouse Sud 2,NOX as NO2,6.649165999999999
Mulhouse Sud 2,O3,43.853333
Mulhouse Sud 2,PM10,5.527500000000001
Mulhouse Sud 2,PM2.5,2.8575000000000004
Mulhouse-Briand,CO,203.39583333333334
Mulhouse-Briand,NO,14.683333333333332
Mulhouse-Briand,NO2,17.495833333333334
Mulhouse-Briand,NOX as NO2,39.927083333333336
Mulhouse-Briand,PM10,8.490909090909092
NDGravenchon Pasteur,CO,159.83307692307693
NDGravenchon Pasteur,NO,2.094230769230769
NDGravenchon Pasteur,NO2,10.878846153846153
NDGravenchon Pasteur,NOX as NO2,14.067307692307692
NDGravenchon Pasteur,PM10,10.340384615384616
NDGravenchon Pasteur,SO2,2.651923076923077
NEUILLY-SUR-SEINE,NO,6.0
NEUILLY-SUR-SEINE,NO2,28.80384615384615
NEUILLY-SUR-SEINE,NOX as NO2,38.00192307692308
NEUILLY-SUR-SEINE,O3,22.215384615384615
NICE ARSON,NO,8.132692307692308
NICE ARSON,NO2,33.07692307692307
NICE ARSON,NOX as NO2,45.53846153846154
NICE ARSON,O3,21.570513076923074
NICE ARSON,PM10,13.726923076923075
NICE ARSON,PM2.5,5.713461538461538
NICE OUEST BOTANIQUE,O3,56.97179461538462
NICE PROMENADE,NO,4.230769230769231
NICE PROMENADE,NO2,12.157692307692308
NICE PROMENADE,NOX as NO2,18.63653846153846
NICE PROMENADE,PM10,12.700000000000001
NICE PROMENADE,PM2.5,3.9249999999999994
NOGENT-SUR-MARNE,PM10,18.798076923076923
NOVEL,NO,3.080769230769231
NOVEL,NO2,11.678846153846155
NOVEL,O3,22.40625
NOVEL,PM10,9.35625
Nancy-Brabois 2,NO,0.976923076923077
Nancy-Brabois 2,NO2,4.765384615384615
Nancy-Brabois 2,NOX as NO2,6.273076923076924
Nancy-Brabois 2,O3,46.68846153846154
Nancy-Charles III,NO,1.784615384615385
Nancy-Charles III,NO2,8.528846153846153
Nancy-Charles III,NOX as NO2,11.115384615384615
Nancy-Charles III,O3,37.5076923076923
Nancy-Charles III,PM10,13.26923076923077
Nancy-Charles III,PM2.5,8.109615384615385
Nancy-Charles III,SO2,0.5846153846153845
Nancy-Libération,NO,6.418749999999999
Nancy-Libération,NO2,11.331249999999999
Nancy-Libération,NOX as NO2,21.18958333333333
Nancy-Libération,PM2.5,5.170833333333333
Neuilly-Saint-Front,NO,-0.2365384615384616
Neuilly-Saint-Front,NO2,8.75192307692308
Neuilly-Saint-Front,NOX as NO2,8.392307692307693
Neuilly-Saint-Front,O3,26.797435384615387
Neuilly-Saint-Front,PM10,12.06590909090909
Neuilly-Saint-Front,PM2.5,9.754545454545454
Neuves-Maisons,PM10,13.932692307692308
Nevers,NO,5.967307692307691
Nevers,NO2,10.3
Nevers,NOX as NO2,19.44423076923077
Nevers,O3,17.490384615384617
Nevers,PM10,12.929166666666667
Nimes Gauzy,NO2,5.288461538461538
Nimes Gauzy,NOX as NO2,5.763461538461538
Nimes Gauzy,O3,52.861538461538466
Nimes Gauzy,PM10,5.071153846153846
Nimes Gauzy,PM2.5,2.7096153846153848
Nimes La Calmette,O3,45.66153846153846
Nimes Planas,NO2,12.249999999999998
Nimes Planas,PM10,8.640909090909089
Niort Venise,NO,7.117307692307692
Niort Venise,NO2,13.592948461538462
Niort Venise,NOX as NO2,24.492307692307694
Niort Venise,O3,13.0972225
Niort Venise,PM10,16.575000000000003
Niort Venise,PM2.5,15.267307692307693
Noeux-les-Mines,NO,1.1
Noeux-les-Mines,NO2,7.526923076923078
Noeux-les-Mines,NOX as NO2,9.215384615384616
Noeux-les-Mines,O3,31.17307692307692
Noeux-les-Mines,PM10,20.911363636363635
Nord-Est Alsace,NO,-0.09999999999999999
Nord-Est Alsace,NO2,5.051923076923076
Nord-Est Alsace,NOX as NO2,4.823076923076923
Nord-Est Alsace,O3,40.202083333333334
Obs Haute-Provence,O3,66.98653846153846
Obs Haute-Provence,PM10,2.040150909090909
Obs Haute-Provence,PM2.5,1.1515145454545455
Ouistreham,O3,58.55576923076923
Outreau,NO,0.6038461538461538
Outreau,NO2,8.575
Outreau,NOX as NO2,9.503846153846153
Outreau,O3,46.592307692307685
Outreau,PM10,11.294230769230767
Oysonville,NO,0.5115384615384616
Oysonville,NO2,4.109615384615385
Oysonville,NOX as NO2,4.861538461538462
Oysonville,O3,42.963461538461544
Oysonville,SO2,0.22307692307692306
P. Roth St Quentin,NO,2.5596153846153844
P. Roth St Quentin,NO2,14.717307692307692
P. Roth St Quentin,NOX as NO2,18.63269230769231
P. Roth St Quentin,O3,26.33141
P. Roth St Quentin,PM10,10.936363636363636
P. Roth St Quentin,PM2.5,7.702272727272728
PALAIS S/ V.- Garros,O3,34.86923076923077
PALAIS S/ V.- Garros,PM10,5.4375
PARC PAYSAGER,NO,1.0833333333333333
PARC PAYSAGER,NO2,8.606249999999998
PARC PAYSAGER,NOX as NO2,10.266666666666667
PARC PAYSAGER,SO2,0.8993058333333331
PARIS 12eme,NO,8.915384615384616
PARIS 12eme,NO2,33.45384615384616
PARIS 12eme,NOX as NO2,47.17307692307692
PARIS 13eme,NO,3.0076923076923077
PARIS 13eme,NO2,28.000641538461537
PARIS 13eme,NOX as NO2,32.64359
PARIS 13eme,O3,25.71923076923077
PARIS 18eme,NO,5.223076923076923
PARIS 18eme,NO2,26.069230769230767
PARIS 18eme,NOX as NO2,34.088461538461544
PARIS 18eme,O3,32.096153846153854
PARIS 18eme,PM10,10.917307692307693
PARIS 18eme,PM2.5,8.163461538461538
PARIS 1er Les Halles,CO,199.53846153846155
PARIS 1er Les Halles,NO,4.009615384615385
PARIS 1er Les Halles,NO2,25.37692307692308
PARIS 1er Les Halles,NOX as NO2,31.517307692307693
PARIS 1er Les Halles,O3,30.050000000000004
PARIS 1er Les Halles,PM10,11.265384615384615
PARIS 1er Les Halles,PM2.5,6.840384615384614
PARIS 7eme,NO,3.842307692307692
PARIS 7eme,NO2,25.96538461538461
PARIS 7eme,NOX as NO2,31.88653846153846
PARIS Stade Lenglen,NO,2.794230769230769
PARIS Stade Lenglen,NO2,23.86730769230769
PARIS Stade Lenglen,NOX as NO2,28.138461538461538
PARIS Stade Lenglen,PM10,11.983333333333334
PARSCAU DU PLESSIS,NO,1.7125000000000001
PARSCAU DU PLESSIS,NO2,7.558333333333334
PARSCAU DU PLESSIS,NOX as NO2,10.172916666666667
PARSCAU DU PLESSIS,PM10,10.274999999999997
PARSCAU DU PLESSIS,PM2.5,7.3812500000000005
PARSCAU DU PLESSIS,SO2,-0.2569441666666667
PASSY,NO,8.562500000000002
PASSY,NO2,11.59375
PASSY,O3,18.03125
PASSY,PM10,18.978846153846156
PASSY,PM2.5,13.696153846153845
PASTEUR,NO,6.921153846153846
PASTEUR,NO2,19.884615384615383
PASTEUR,O3,12.012500000000001
PASTEUR,PM10,12.705769230769231
PASTEUR,PM2.5,10.496153846153845
PASTEUR,SO2,-0.12708333333333335
PAU TOURASSE,NO,10.432692307692308
PAU TOURASSE,NO2,14.97307692307692
PAU TOURASSE,NOX as NO2,30.842307692307692
PAU TOURASSE,PM10,2.5875
PEILLON,PM10,14.319230769230769
PEILLON,PM2.5,7.161538461538461
PERIGUEUX,NO,0.7999999999999999
PERIGUEUX,NO2,6.440384615384616
PERIGUEUX,NOX as NO2,7.673076923076923
PERIGUEUX,O3,40.89807692307692
PERIGUEUX,PM10,12.524999999999999
PERIGUEUX,PM2.5,8.392307692307691
PEYRUSSE,NO,0.12403846153846156
PEYRUSSE,NO2,0.21730769230769229
PEYRUSSE,NOX as NO2,0.4067307692307693
PEYRUSSE,O3,66.89807692307693
PEYRUSSE,PM10,2.4576923076923074
PEYRUSSE,PM2.5,0.9480769230769233
Paray le Fresil,NO,0.16153846153846155
Paray le Fresil,NO2,1.421153846153846
Paray le Fresil,NOX as NO2,1.6602561538461538
Paray le Fresil,O3,18.766666923076926
Paray le Fresil,PM10,7.892307692307693
Paray le Fresil,PM2.5,5.092307692307693
Pays du Mezenc,O3,72.31346153846154
Pays du Mezenc,PM10,2.5208333333333335
Perpignan Les Carmes,NO,1.6083330769230773
Perpignan Les Carmes,NO2,3.0538461538461537
Perpignan Les Carmes,NOX as NO2,5.515384615384615
Perpignan Les Carmes,O3,70.73653846153846
Perpignan Les Carmes,PM10,1.6442307692307692
Perpignan Les Carmes,PM2.5,0.6096153846153847
Perpignan St Esteve,O3,74.22083333333333
Perpignan bd Pyrénées,NO,19.097916666666666
Perpignan bd Pyrénées,NO2,27.59236083333333
Perpignan bd Pyrénées,NOX as NO2,56.875
Perpignan bd Pyrénées,PM10,8.275
Petit-Quevilly Sud 3,NO,35.80576923076923
Petit-Quevilly Sud 3,NO2,43.025000000000006
Petit-Quevilly Sud 3,NOX as NO2,97.81346153846154
Petit-Quevilly Sud 3,PM10,17.471153846153843
Petit-Quevilly Sud 3,PM2.5,10.865384615384615
Place Victor Basch,NO,43.44423076923077
Place Victor Basch,NO2,38.30576923076923
Place Victor Basch,NOX as NO2,104.94615384615385
Place Victor Basch,PM10,19.33125
Place de l'Opéra,NO,28.892307692307693
Place de l'Opéra,NO2,37.159615384615385
Place de l'Opéra,NOX as NO2,81.50384615384615
Place de l'Opéra,PM10,14.74423076923077
Plateau Caillou,NO,6.757812499999999
Plateau Caillou,NO2,5.714062500000001
Plateau Caillou,NOX as NO2,16.0859375
Plateau Caillou,O3,34.646875
Plateau Caillou,PM10,7.441071428571429
Plateau Caillou,PM2.5,3.142857142857142
Plateau Caillou,SO2,0.8703124999999999
Plateau de Bonnevaux,NO,0.37115384615384617
Plateau de Bonnevaux,NO2,4.667307692307693
Plateau de Bonnevaux,NOX as NO2,5.238461538461538
Plateau de Bonnevaux,O3,55.52115384615385
Poitiers Centre  Augouard,CO,209.90384615384616
Poitiers Centre  Augouard,NO,10.024999999999999
Poitiers Centre  Augouard,NO2,19.675
Poitiers Centre  Augouard,NOX as NO2,35.04038461538462
Poitiers Centre  Augouard,O3,19.986538461538462
Poitiers Centre  Augouard,PM10,15.613461538461538
Poitiers Centre  Augouard,PM2.5,11.873076923076924
Poitiers-Le Nain,NO,49.699999999999996
Poitiers-Le Nain,NO2,27.325000000000003
Poitiers-Le Nain,NOX as NO2,102.79807692307692
Poitiers-Le Nain,PM10,26.762500000000003
Pompidou,NO,22.867307692307694
Pompidou,NO2,23.35
Pompidou,NOX as NO2,58.286538461538456
Pompidou,PM10,20.383333333333336
Pompidou,PM2.5,13.197916666666666
Pompignane,NO,3.9631941666666664
Pompignane,NO2,15.98194416666667
Pompignane,NOX as NO2,22.0625
Pompignane,PM10,6.553846153846155
Pompignane,PM2.5,2.8634615384615385
Pont-à-Mousson,PM10,10.177083333333334
Port Saint Louis,PM10,5.800000000000001
Port de Bouc Leque,PM10,11.939583333333333
Port de Bouc Leque,PM2.5,5.00625
Port de Bouc Leque,SO2,3.076282307692309
Quai des Celestins,NO,28.707692307692305
Quai des Celestins,NO2,39.49038461538461
Quai des Celestins,NOX as NO2,83.52307692307691
Quillebeuf Phare,SO2,1.3846153846153844
Quimper Pommiers,PM10,11.311363636363636
Quimper Zola,NO,4.40576923076923
Quimper Zola,NO2,13.776923076923076
Quimper Zola,NOX as NO2,20.534615384615385
Quimper Zola,O3,28.536538461538463
RAMBOUILLET,O3,36.05384615384615
RAMBOUILLET,PM10,11.616666923076922
RAMBOUILLET,PM2.5,8.971153846153845
RD934 Coulommiers,PM10,22.41287909090909
RDT SAINT-LEU,NO,5.835000000000002
RDT SAINT-LEU,NO2,5.5233333333333325
RDT SAINT-LEU,NOX as NO2,14.483333333333338
RDT SAINT-LEU,PM10,6.838333333333335
RDT SAINT-LEU,PM2.5,3.3283333333333327
REVIN,NO,-0.13576923076923075
REVIN,NO2,5.116730769230769
REVIN,NOX as NO2,4.908269230769231
REVIN,O3,39.848076923076924
REVIN,PM10,11.251923076923077
REVIN,PM2.5,9.048076923076923
RIVE DE GIER,NO,7.767307692307693
RIVE DE GIER,NO2,22.405769230769238
RIVE DE GIER,PM10,9.85625
RN2-PANTIN,NO,18.50576923076923
RN2-PANTIN,NO2,36.455769230769235
RN2-PANTIN,NOX as NO2,64.84423076923076
RN2-PANTIN,PM10,16.570833333333336
RN20 - MONTLHERY,NO,96.68653846153845
RN20 - MONTLHERY,NO2,47.267307692307696
RN20 - MONTLHERY,NOX as NO2,195.19807692307694
RN20 - MONTLHERY,PM2.5,10.266666666666667
RN6-MELUN,NO,37.728846153846156
RN6-MELUN,NO2,27.08846153846154
RN6-MELUN,NOX as NO2,84.93653846153848
RN6-MELUN,PM10,17.397916666666664
RN6-MELUN,PM2.5,9.466666666666665
ROANNE,NO,10.540384615384616
ROANNE,NO2,17.617307692307694
ROANNE,O3,16.388461538461538
ROANNE,PM10,9.966666666666667
ROCHES DE CONDRIEU,NO,0.5076923076923078
ROCHES DE CONDRIEU,NO2,5.428846153846153
ROCHES DE CONDRIEU,O3,51.41474384615385
ROCHES DE CONDRIEU,SO2,4.4557692307692305
ROI RENE,NO,33.49791666666666
ROI RENE,NO2,33.35208333333333
ROI RENE,NOX as NO2,84.63333333333333
ROI RENE,PM10,17.264583333333338
ROUSSILLON,NO,1.7115384615384615
ROUSSILLON,NO2,14.101923076923079
ROUSSILLON,O3,34.31346153846154
ROUSSILLON,PM10,8.129860833333334
Rageade,O3,66.48958333333333
Rageade,PM10,4.142307692307692
Rageade,PM2.5,2.409615384615385
Rempart Perrier,NO,19.433333076923073
Rempart Perrier,NO2,22.62756461538462
Rempart Perrier,NOX as NO2,52.30833307692308
Rempart Perrier,PM10,17.510416666666668
Rempart Perrier,PM2.5,8.208333333333334
Rennes Laennec,NO,25.503846153846155
Rennes Laennec,NO2,30.34423076923077
Rennes Laennec,NOX as NO2,70.3923076923077
Rennes Laennec,PM10,11.442307692307692
Rennes Laennec,PM2.5,6.857692307692307
Rennes Les Halles,NO,14.938461538461537
Rennes Les Halles,NO2,28.47307692307692
Rennes Les Halles,NOX as NO2,52.28076923076924
Rennes Pays-Bas,PM10,18.76667
Rennes Pays-Bas,PM2.5,15.733329999999999
Rennes St-Yves,NO,4.976923076923077
Rennes St-Yves,NO2,23.753846153846155
Rennes St-Yves,NOX as NO2,32.4153846153846
Rennes St-Yves,O3,22.986538461538462
Riom Périurbaine,NO,1.864103076923077
Riom Périurbaine,NO2,9.932051538461538
Riom Périurbaine,O3,36.24166666666667
Riom Périurbaine,PM10,9.536538461538461
Robert Bourg,O3,49.1888888888889
Robert Bourg,PM10,11.577777777777778
Robert Bourg,PM2.5,5.033333333333334
Rocade Sud Eybens,NO,29.286538461538463
Rocade Sud Eybens,NO2,30.817307692307693
Rocade Sud Eybens,PM10,17.19791666666666
Rocade Sud Eybens,PM2.5,7.029166666666666
Rodez,NO,1.4961538461538464
Rodez,NO2,3.1115384615384616
Rodez,NOX as NO2,5.388461538461538
Rodez,O3,58.5403846153846
Rodez,PM10,5.009615384615385
Rodez,PM2.5,3.607692307692308
Rogerville Mairie,SO2,3.3673076923076923
Rognac les Brets,PM2.5,3.8020833333333326
Romans-sur-Isère,NO,0.6365384615384616
Romans-sur-Isère,NO2,9.00576923076923
Romans-sur-Isère,O3,52.92499999999999
Romans-sur-Isère,PM10,9.013461538461538
Romans-sur-Isère,PM2.5,6.921153846153846
Roubaix Serres,CO,278.53846153846155
Roubaix Serres,NO,14.788461538461538
Roubaix Serres,NO2,28.267307692307693
Roubaix Serres,NOX as NO2,50.92115384615385
Roubaix Serres,PM10,14.411538461538461
Roubaix Serres,PM2.5,10.665384615384617
Rouen Proxi Quai de Paris,CO,329.6923076923077
Rouen Proxi Quai de Paris,NO,30.584615384615386
Rouen Proxi Quai de Paris,NO2,41.77884615384615
Rouen Proxi Quai de Paris,NOX as NO2,88.58269230769231
Rouen Proxi Quai de Paris,PM10,15.704166666666667
Rouen Proxi Quai de Paris,PM2.5,10.299999999999999
Royat Périurbaine,NO,2.1326923076923077
Royat Périurbaine,NO2,9.78653846153846
Royat Périurbaine,O3,56.01730769230768
Roye,O3,36.807051538461536
Rue Bonaparte,NO,23.486538461538466
Rue Bonaparte,NO2,30.61730769230769
Rue Bonaparte,NOX as NO2,66.48653846153846
S ETIENNE DE MONTLUC,NO,0.19999999999999998
S ETIENNE DE MONTLUC,NO2,2.7000000000000006
S ETIENNE DE MONTLUC,NOX as NO2,3.00625
S ETIENNE DE MONTLUC,PM10,7.3187500000000005
S ETIENNE DE MONTLUC,SO2,0.6402775000000002
SAILLAT - Ipaper,NO,0.4961538461538461
SAILLAT - Ipaper,NO2,2.309615384615385
SAILLAT - Ipaper,NOX as NO2,3.0788461538461536
SAILLAT - Ipaper,PM10,7.116666666666666
SAILLAT - Ipaper,SO2,-0.09743615384615384
SAINT ETIENNE SUD,NO,1.3833330769230767
SAINT ETIENNE SUD,NO2,15.64166692307692
SAINT ETIENNE SUD,O3,35.244871538461545
SAINT ETIENNE SUD,PM10,9.46875
SAINT ETIENNE SUD,PM2.5,8.262500000000001
SAINT EXUPERY,NO,8.711
SAINT EXUPERY,NO2,12.513
SAINT EXUPERY,NOX as NO2,43.45000000000001
SAINT EXUPERY,O3,21.479
SAINT EXUPERY,PM10,14.279545454545454
SAINT EXUPERY,PM2.5,7.551923076923076
SAINT JEAN,NO,1.994230769230769
SAINT JEAN,NO2,9.126923076923076
SAINT JEAN,O3,31.526923076923076
SAINT JEAN,PM10,5.915909090909091
SAINT JEAN,SO2,1.89359
SAINT-CHAMOND,NO,1.796153846153846
SAINT-CHAMOND,NO2,14.151923076923076
SAINT-CHAMOND,O3,44.18653846153845
SAINT-CHAMOND,PM10,8.00576923076923
SAINT-CHAMOND,PM2.5,5.89423076923077
SAINT-CROUTS,NO,1.4865384615384616
SAINT-CROUTS,NO2,6.612179230769231
SAINT-CROUTS,NOX as NO2,8.889102307692308
SAINT-CROUTS,O3,67.99230769230768
SAINT-CROUTS,PM10,3.0958333333333328
SAINT-DENIS,NO,5.790384615384615
SAINT-DENIS,NO2,31.653846153846153
SAINT-DENIS,NOX as NO2,40.5326923076923
SAINT-DENIS D'ANJOU,NO,2.78125
SAINT-DENIS D'ANJOU,NO2,7.991666666666667
SAINT-DENIS D'ANJOU,NOX as NO2,12.249999999999998
SAINT-DENIS D'ANJOU,O3,23.14375
SALON,NO,0.6461538461538461
SALON,NO2,3.746153846153846
SALON,NOX as NO2,4.7288461538461535
SALON,O3,65.20320461538462
SALON,PM10,4.5115384615384615
SALON,PM2.5,2.665384615384615
SAVENAY,SO2,-0.5513891666666667
SCHOENECK (19),PM10,11.208333333333334
SICOVAL,O3,67.12500000000001
SOURCES,NO,7.885416666666667
SOURCES,NO2,14.662500000000001
SOURCES,NOX as NO2,26.70625
SOURCES,O3,11.48958333333333
SOURCES,PM10,15.28541666666667
SOURCES,PM2.5,14.16666666666667
ST ETIENNE BD URBAIN ,NO,8.473076923076922
ST ETIENNE BD URBAIN ,NO2,21.873076923076926
ST ETIENNE BD URBAIN ,PM10,12.03125
ST FONS CENTRE,NO,4.088461538461538
ST FONS CENTRE,NO2,19.665384615384614
ST FONS CENTRE,PM10,11.599999999999998
ST JUNIEN - Fontaine,NO,0.4858976923076923
ST JUNIEN - Fontaine,NO2,4.35
ST JUNIEN - Fontaine,NOX as NO2,5.101282307692307
ST JUNIEN - Fontaine,O3,41.95384615384616
ST JUNIEN - Fontaine,PM10,7.316666666666667
ST JUNIEN - Fontaine,SO2,-3.675
ST PARRES AUX TERTRE,O3,18.533333846153845
ST de Baie mahault,NO,3.0
ST de Baie mahault,NO2,5.377777777777777
ST de Baie mahault,NOX as NO2,9.97777777777778
ST de Baie mahault,O3,13.944444444444445
ST de Baie mahault,PM10,12.141666666666667
STE SAVINE,NO,5.9326923076923075
STE SAVINE,NO2,13.450000000000001
STE SAVINE,NOX as NO2,22.551923076923078
STE SAVINE,O3,15.900000000000002
STE SAVINE,PM10,15.310416666666669
STE SAVINE,PM2.5,9.127083333333335
Sablons,NO,7.151923076923078
Sablons,NO2,10.036538461538461
Sablons,O3,25.388461538461534
Saint Amand,NO,3.100640769230769
Saint Amand,NO2,11.208333846153845
Saint Amand,NOX as NO2,15.951923076923077
Saint Amand,O3,19.35705076923077
Saint Bauzile CEC,SO2,4.673076923076923
Saint Brieuc Balzac,NO,-0.07884615384615382
Saint Brieuc Balzac,NO2,7.699999999999999
Saint Brieuc Balzac,NOX as NO2,7.573076923076925
Saint Brieuc Balzac,O3,53.840384615384615
Saint Brieuc Balzac,PM10,8.8125
Saint Brieuc Balzac,PM2.5,2.9458333333333333
Saint-Lô Eglise,NO,8.871153846153845
Saint-Lô Eglise,NO2,13.90576923076923
Saint-Lô Eglise,NOX as NO2,27.444230769230767
Saint-Lô Eglise,O3,19.21923076923077
Saint-Lô Eglise,PM10,13.599999999999998
Saint-Remy,CO,388.5515384615385
Saint-Remy,NO,17.984615384615385
Saint-Remy,NO2,17.226923076923075
Saint-Remy,NOX as NO2,44.70384615384614
Saint-Remy,PM10,15.381250000000001
Sainte Adresse,SO2,1.1846153846153848
Sainte_Luce,O3,49.99166666666666
Sainte_Luce,PM10,9.45
Sainte_Luce,PM2.5,3.5861111111111117
Salouel,NO,0.846153846153846
Salouel,NO2,8.040384615384616
Salouel,NOX as NO2,9.336538461538462
Salouel,O3,24.885896923076924
Salouel,PM10,8.54090909090909
Sangatte,NO,2.405769230769231
Sangatte,NO2,12.738461538461538
Sangatte,NOX as NO2,16.43076923076923
Sangatte,O3,38.80128230769231
Sangatte,PM10,21.409615384615385
Sarda Garriga,NO,0.48593749999999997
Sarda Garriga,NO2,3.5937500000000004
Sarda Garriga,NOX as NO2,4.34375
Sarda Garriga,SO2,0.28020812500000003
Sausset les Pins,O3,66.53589692307692
Sausset les Pins,SO2,1.513636363636364
Schlucht,NO,0.9512823076923076
Schlucht,NO2,0.7179484615384616
Schlucht,NOX as NO2,1.9948715384615388
Schlucht,O3,71.12179461538462
Scy-Chazelles,NO,0.5461538461538461
Scy-Chazelles,NO2,4.0673076923076925
Scy-Chazelles,NOX as NO2,4.859615384615384
Scy-Chazelles,O3,48.37115384615385
Spicheren(14),NO,0.5916666666666667
Spicheren(14),NO2,2.8333333333333335
Spicheren(14),NOX as NO2,3.5833333333333335
Square Pablo Casals,NO,1.823076923076923
Square Pablo Casals,NO2,11.378846153846153
Square Pablo Casals,NOX as NO2,14.163461538461538
Square Pablo Casals,O3,36.1777775
Square Pablo Casals,PM10,10.64423076923077
Square Pablo Casals,PM2.5,8.46153846153846
St DIZIER L. Michel,NO,1.848076923076923
St DIZIER L. Michel,NO2,9.107692307692309
St DIZIER L. Michel,NOX as NO2,11.963461538461539
St DIZIER L. Michel,O3,30.91538461538461
St DIZIER L. Michel,PM10,15.538461538461538
St DIZIER L. Michel,PM2.5,9.575000000000001
St Germain/Rhône,NO,0.5692307692307692
St Germain/Rhône,NO2,1.2442307692307693
St Germain/Rhône,NOX as NO2,2.03076923076923
St Germain/Rhône,O3,36.21874999999999
St Germain/Rhône,PM10,2.5999999999999996
St Germain/Rhône,PM2.5,3.107692307692308
St Germain/Rhône,SO2,-0.6871792307692307
St Jean,NO,8.259615384615383
St Jean,NO2,16.569230769230767
St Jean,NOX as NO2,29.184615384615388
St Jean,PM10,20.678846153846152
St Jean,PM2.5,17.376923076923077
St Martin d'Heres,NO,3.421153846153847
St Martin d'Heres,NO2,17.875
St Martin d'Heres,O3,11.816025384615386
St Martin d'Heres,PM10,10.998076923076923
St Martin d'Heres,PM2.5,8.153846153846153
St Omer Ribot,NO,0.09038461538461535
St Omer Ribot,NO2,12.234615384615383
St Omer Ribot,O3,35.46474307692308
St Omer Ribot,PM10,10.575
St Pierre Amiens,NO,5.115384615384615
St Pierre Amiens,NO2,15.876923076923077
St Pierre Amiens,NOX as NO2,23.724999999999998
St Pierre Amiens,O3,21.254486923076925
St Pierre Amiens,PM10,8.030769230769229
St Pierre Amiens,PM2.5,4.648076923076922
St Pol mer - cheminots,NO,0.9653846153846153
St Pol mer - cheminots,NO2,8.386538461538462
St Pol mer - cheminots,NOX as NO2,9.884615384615385
St Pol mer - cheminots,O3,43.83397461538462
St Pol mer - cheminots,PM10,49.25
St Pol mer - cheminots,SO2,6.898717692307693
St Romain de Colbosc,O3,51.20961538461539
St Romain de Colbosc,SO2,1.5615384615384615
St-Laurent-Blangy,NO,1.0615384615384615
St-Laurent-Blangy,NO2,12.674999999999999
St-Laurent-Blangy,NOX as NO2,14.296153846153846
St-Laurent-Blangy,O3,26.173076923076923
St-Laurent-Blangy,PM10,15.663636363636364
StMalo Rocabey,NO,1.7628207692307696
StMalo Rocabey,NO2,4.3102561538461535
StMalo Rocabey,NOX as NO2,7.019871538461539
StMalo Rocabey,O3,72.21538461538462
StMalo Rocabey,PM10,15.893749999999999
StMalo Rocabey,PM2.5,5.979166666666667
Stade Travet CASTRES,NO,0.2641030769230769
Stade Travet CASTRES,NO2,1.3858976923076922
Stade Travet CASTRES,NOX as NO2,1.785256923076923
Stade Travet CASTRES,O3,65.50833384615386
Stade Travet CASTRES,PM10,4.4840909090909085
Station Bourg-Murat,NO,1.6281249999999998
Station Bourg-Murat,NO2,3.8328125
Station Bourg-Murat,NOX as NO2,6.334374999999999
Station Bourg-Murat,O3,70.66875000000002
Station Bourg-Murat,PM10,6.330357142857143
Station Bourg-Murat,SO2,0.70625
Station Luther King,NO,9.857812500000001
Station Luther King,NO2,12.626562500000002
Station Luther King,NOX as NO2,27.754687500000003
Station Luther King,O3,36.801562499999996
Station Luther King,PM10,11.353571428571428
Station Luther King,PM2.5,6.283928571428572
Station Luther King,SO2,0.501041875
Station de FORBACH,NO,1.2249999999999999
Station de FORBACH,NO2,5.4437500000000005
Station de FORBACH,NOX as NO2,7.235416666666666
Station de FORBACH,PM2.5,3.158333333333333
Strasbourg A35,NO,4.09375
Strasbourg A35,NO2,15.268749999999999
Strasbourg A35,NOX as NO2,21.41875
Strasbourg A35,PM10,11.91818181818182
Strasbourg A35 Remparts,NO,9.740909090909092
Strasbourg A35 Remparts,NO2,20.650000000000002
Strasbourg A35 Remparts,NOX as NO2,35.52272727272728
Strasbourg A35 Remparts,PM10,12.975000000000001
Strasbourg Clemenceau,NO,13.403846153846153
Strasbourg Clemenceau,NO2,22.32884615384615
Strasbourg Clemenceau,NOX as NO2,42.771153846153844
Strasbourg Clemenceau,PM10,13.045833333333333
Strasbourg Neudorf Ecoquartier Danube,NO,6.509615384615386
Strasbourg Neudorf Ecoquartier Danube,NO2,16.657692307692308
Strasbourg Neudorf Ecoquartier Danube,NOX as NO2,26.494230769230775
Strasbourg Neudorf Ecoquartier Danube,PM10,9.73076923076923
Strasbourg Neudorf Ecoquartier Danube,PM2.5,7.428846153846154
Strasbourg Nord,NO,2.625
Strasbourg Nord,NO2,13.887500000000001
Strasbourg Nord,NOX as NO2,17.745833333333334
Strasbourg Nord,O3,22.274999999999995
Strasbourg Nord,PM10,13.342307692307694
Strasbourg Sud 2,O3,22.416666666666668
TARTAS Pelletrin,PM10,8.570833333333333
TARTAS Pelletrin,SO2,0.39551307692307697
TERNAY,NO,1.6384615384615389
TERNAY,NO2,11.95576923076923
TERNAY,O3,34.059615384615384
TERNAY,PM10,8.157692307692308
TERNAY,PM2.5,5.861538461538462
TOULON CLARET,NO,7.63846153846154
TOULON CLARET,NO2,19.17692307692308
TOULON CLARET,NOX as NO2,30.888461538461534
TOULON CLARET,O3,42.55064153846154
TOULON CLARET,PM10,9.983333333333333
TOULON CLARET,PM2.5,2.189583333333333
TOULON FOCH,NO,17.286538461538463
TOULON FOCH,NO2,28.771153846153844
TOULON FOCH,NOX as NO2,55.28653846153846
TOULON FOCH,PM10,13.960416666666667
TRAF Saint Quent 14,PM2.5,8.873076923076924
TRAFIC_TOULOUSE,NO,5.125
TRAFIC_TOULOUSE,NO2,10.430769230769231
TRAFIC_TOULOUSE,NOX as NO2,18.29230769230769
TRAFIC_TOULOUSE,PM2.5,6.688461538461539
TREMBLAY-EN-FRANCE,NO,10.551923076923078
TREMBLAY-EN-FRANCE,NO2,38.18846153846154
TREMBLAY-EN-FRANCE,NOX as NO2,54.346153846153854
TREMBLAY-EN-FRANCE,O3,10.423076923076923
TREMBLAY-EN-FRANCE,PM10,13.369230769230768
TULLE - Hugo,NO,1.7000000000000002
TULLE - Hugo,NO2,7.953846153846153
TULLE - Hugo,NOX as NO2,10.571153846153846
TULLE - Hugo,O3,25.639743846153845
TULLE - Hugo,PM10,7.485416666666666
Tancarville Mairie,SO2,0.6769230769230768
Tarbes lycée Dupuy,NO,0.7057692307692308
Tarbes lycée Dupuy,NO2,2.453846153846154
Tarbes lycée Dupuy,NOX as NO2,3.5442307692307695
Tarbes lycée Dupuy,O3,72.23461538461538
Tarbes lycée Dupuy,PM2.5,0.5884615384615384
Tavaux,NO,2.9314099999999996
Tavaux,NO2,5.737179230769231
Tavaux,NOX as NO2,10.229486923076923
Tavaux,SO2,0.6548608333333337
Terrain de Sel,NO,3.2453125
Terrain de Sel,NO2,9.276562499999999
Terrain de Sel,NOX as NO2,14.265625000000002
Terrain de Sel,SO2,1.715
Thionville-Centre,PM10,10.978846153846153
Thionville-Centre,PM2.5,3.6711538461538464
Thionville-Garche,O3,52.491666666666674
Thionville-Piscine,NO,0.42500000000000004
Thionville-Piscine,NO2,5.9980769230769235
Thionville-Piscine,NOX as NO2,6.665384615384616
Thionville-Piscine,PM10,8.033333333333333
Toulouse Berthelot,NO,0.5833338461538462
Toulouse Berthelot,NO2,3.8807692307692303
Toulouse Berthelot,NOX as NO2,4.841025384615384
Toulouse Berthelot,O3,61.66666615384616
Toulouse Berthelot,PM10,2.0961538461538463
Toulouse Berthelot,PM2.5,2.4384615384615382
Toulouse Mazades,PM10,2.1634615384615388
Toulouse Mazades,PM2.5,1.1403846153846153
Toulouse Port de l'Embouchure,NO,23.215384615384615
Toulouse Port de l'Embouchure,NO2,29.075000000000003
Toulouse Port de l'Embouchure,NOX as NO2,64.66730769230767
Toulouse Port de l'Embouchure,PM10,5.89423076923077
Toulouse Port de l'Embouchure,PM2.5,3.017307692307692
Toulouse aéroport côté trafic,NO,2.2403846153846154
Toulouse aéroport côté trafic,NO2,3.0711538461538463
Toulouse aéroport côté trafic,NOX as NO2,6.50576923076923
Toulouse aéroport côté trafic,PM10,2.064583333333333
Touques,O3,40.213461538461544
Tours péri-urbaine,O3,25.84423076923077
Trafic Beauvais 1,NO,13.998076923076924
Trafic Beauvais 1,NO2,18.153846153846153
Trafic Beauvais 1,NOX as NO2,39.544230769230765
Trafic Beauvais 1,PM10,8.563636363636364
Trafic Beauvais 1,PM2.5,5.134615384615385
VALLEE HUVEAUNE,C6H6,0.9268592307692308
VALLEE HUVEAUNE,O3,48.53782
VAULX EN VELIN,NO,0.9615384615384616
VAULX EN VELIN,NO2,12.611538461538462
VAULX EN VELIN,O3,33.56923076923078
VAULX EN VELIN,PM2.5,3.15625
VENACO,O3,73.80064076923077
VENACO,PM10,5.891666666666667
VENACO,PM2.5,3.4583333333333335
VERNAISON,C6H6,0.6900000000000001
VERSAILLES,NO,3.267307692307692
VERSAILLES,NO2,16.857692307692307
VERSAILLES,NOX as NO2,21.87692307692308
VERSAILLES,O3,26.584615384615386
VILLEMOMBLE,NO,6.032692307692306
VILLEMOMBLE,NO2,33.348076923076924
VILLEMOMBLE,NOX as NO2,42.62115384615385
VILLEMOMBLE,O3,22.173076923076923
VITRY-SUR-SEINE,NO,3.9038461538461537
VITRY-SUR-SEINE,NO2,23.75
VITRY-SUR-SEINE,NOX as NO2,29.68076923076923
VITRY-SUR-SEINE,O3,31.803205384615385
VITRY-SUR-SEINE,PM10,8.717307692307692
VITRY-SUR-SEINE,PM2.5,5.888461538461538
Valence Périurb. Sud,NO,2.3192307692307694
Valence Périurb. Sud,NO2,9.892307692307694
Valence Périurb. Sud,O3,44.198076923076925
Valence Périurb. Sud,PM10,7.613636363636365
Valence Urb. Centre,NO,1.4500000000000002
Valence Urb. Centre,NO2,13.561538461538463
Valence Urb. Centre,O3,39.63846153846154
Valenciennes Acacias,NO,3.930769230769231
Valenciennes Acacias,NO2,18.269230769230766
Valenciennes Acacias,NOX as NO2,24.301923076923075
Valenciennes Acacias,O3,22.353205384615386
Valenciennes Acacias,PM10,9.144230769230768
Valenciennes Wallon,NO,27.66923076923077
Valenciennes Wallon,NO2,33.471153846153854
Valenciennes Wallon,NOX as NO2,75.87692307692308
Valenciennes Wallon,PM10,17.31153846153846
Valenciennes Wallon,PM2.5,10.265384615384617
Vannes UTA,NO,2.2653846153846153
Vannes UTA,NO2,12.190384615384614
Vannes UTA,NOX as NO2,16.32884615384615
Vannes UTA,O3,38.42884615384615
Vannes UTA,PM10,8.38653846153846
Vannes UTA,PM2.5,4.8211538461538455
Verneuil,NO,0.4115384615384615
Verneuil,NO2,2.055769230769231
Verneuil,NOX as NO2,2.680769230769231
Verneuil,O3,21.174999999999997
Verneuil,PM2.5,5.956250000000001
Vesoul Pres Caillet,O3,34.98076923076923
Vesoul Pres Caillet,PM10,8.872916666666667
Vichy,NO,7.655769230769232
Vichy,NO2,16.092307692307692
Vichy,O3,19.882692307692306
Vichy,PM10,8.51346153846154
Vieux Thann 3,SO2,-0.1076391666666668
Ville de Schoelcher,PM10,9.33611111111111
Ville de Schoelcher,PM2.5,3.769444444444444
Villefranche Centre ,NO,1.0557692307692306
Villefranche Centre ,NO2,15.93653846153846
Villefranche Centre ,O3,18.940384615384616
Villefranche Centre ,PM10,9.03846153846154
Villefranche Centre ,PM2.5,7.1826923076923075
Voiron Urbain,NO,0.8961538461538462
Voiron Urbain,NO2,8.017307692307693
Voiron Urbain,O3,41.32692307692308
Voiron Urbain,PM10,8.708333333333334
Vosges du Nord,O3,53.46153846153847
Wattignies,O3,24.978846153846156
Zone Rurale Est,O3,11.365384615384615
Zone Rurale NO,O3,49.56538461538461
Zone Rurale NO,PM10,8.358333333333333
Zone Rurale Nord,O3,40.07692307692308
Zone Rurale Nord,PM2.5,6.135416666666667
Zone Rurale Nord-Est,O3,27.980769230769226
Zone Rurale SE,NO,0.3653846153846153
Zone Rurale SE,NO2,4.528846153846154
Zone Rurale SE,NOX as NO2,5.130769230769231
Zone Rurale SE,O3,28.507692307692306
Zone Rurale SE,PM2.5,5.658333333333334
Zone Rurale SO,NO,2.5326923076923076
Zone Rurale SO,NO2,5.507692307692308
Zone Rurale SO,NOX as NO2,9.28076923076923
Zone Rurale SO,O3,40.33076923076923
Zone rurale Sud,O3,42.550000000000004
Zone rurale Sud,PM10,7.728571428571429
Zone rurale Sud,PM2.5,5.442857142857144
Zoodyssée Chizé,NO,0.5807692307692307
Zoodyssée Chizé,NO2,2.7846153846153845
Zoodyssée Chizé,NOX as NO2,3.6826923076923075
Zoodyssée Chizé,O3,28.46923076923077
Zoodyssée Chizé,PM10,8.155769230769232
Zoodyssée Chizé,PM2.5,5.745513076923077
place de VERDUN,NO,9.061538461538461
place de VERDUN,NO2,20.045512307692306
place de VERDUN,NOX as NO2,33.92435923076923
place de VERDUN,O3,28.726389166666667
place de VERDUN,PM10,13.170833333333333
place de VERDUN,PM2.5,9.541666666666666
